CREATE TABLE `tbl_area` (
  `Id_area` int NOT NULL AUTO_INCREMENT,
  `Nombre_area` varchar(30) NOT NULL,
  `Creado_por` varchar(15) NOT NULL,
  `Modificado_por` varchar(15) NOT NULL,
  `Fecha_creacion` datetime NOT NULL,
  `Fecha_modificacion` datetime NOT NULL,
  PRIMARY KEY (`Id_area`)
) ENGINE=InnoDB AUTO_INCREMENT=5 DEFAULT CHARSET=utf8mb4 COLLATE=utf8mb4_0900_ai_ci;

INSERT INTO tbl_area (Id_area, Nombre_area, Creado_por, Modificado_por, Fecha_creacion, Fecha_modificacion) VALUES
(1, 'TECNOLOGIA', 'Marilyn Mejia', 'Marilyn Mejia', '2024-03-16 00:00:00.000', '2024-03-16 00:00:00.000'),
(2, 'MARKETING', 'Marilyn Mejia', 'ROCKETMIND', '2024-03-16 00:00:00.000', '2024-05-26 22:15:41.000'),
(3, 'CONTABLE', 'ROCKETMIND', 'ROCKETMIND', '2024-05-26 22:05:48.000', '2024-05-26 22:05:48.000'),
(4, 'CONTABLES', 'ROCKETMIND', 'ROCKETMIND', '2024-05-26 22:32:30.000', '2024-05-26 22:32:30.000');

CREATE TABLE `tbl_contrato` (
  `Id_Contrato` int NOT NULL AUTO_INCREMENT,
  `Id_Empleado` int NOT NULL,
  `Id_Tipo_Contrato` int NOT NULL,
  `Cantidad_Acumulada_Vacaciones` int NOT NULL,
  `Fecha_Contratacion` datetime NOT NULL,
  `Fecha_Fin_Contrato` datetime NOT NULL,
  `Creado_por` varchar(15) NOT NULL,
  `Modificado_por` varchar(15) NOT NULL,
  `Fecha_creacion` datetime NOT NULL,
  `Fecha_modificacion` datetime NOT NULL,
  PRIMARY KEY (`Id_Contrato`),
  KEY `FK_Contrato_Empleado_idx` (`Id_Empleado`),
  KEY `FK_Contrato_TipoContrato_idx` (`Id_Tipo_Contrato`),
  CONSTRAINT `FK_Contrato_Empleado` FOREIGN KEY (`Id_Empleado`) REFERENCES `tbl_empleado` (`Id_Empleado`),
  CONSTRAINT `FK_Contrato_TipoContrato` FOREIGN KEY (`Id_Tipo_Contrato`) REFERENCES `tbl_tipo_contrato` (`Id_Tipo_Contrato`)
) ENGINE=InnoDB AUTO_INCREMENT=12 DEFAULT CHARSET=utf8mb4 COLLATE=utf8mb4_0900_ai_ci;

INSERT INTO tbl_contrato (Id_Contrato, Id_Empleado, Id_Tipo_Contrato, Cantidad_Acumulada_Vacaciones, Fecha_Contratacion, Fecha_Fin_Contrato, Creado_por, Modificado_por, Fecha_creacion, Fecha_modificacion) VALUES
(1, 1, 1, 50, '2024-03-31 00:00:00.000', '2024-03-31 00:00:00.000', 'Josue Pineda', 'Josue Pineda', '2024-03-31 00:00:00.000', '2024-03-31 00:00:00.000'),
(2, 8, 1, 0, '2024-04-22 00:00:00.000', '2025-05-02 00:00:00.000', 'ROCKETMIND', 'ROCKETMIND', '2024-04-21 22:12:56.000', '2024-05-24 22:18:28.000'),
(3, 6, 1, 5, '2023-11-01 00:00:00.000', '2024-05-01 00:00:00.000', 'ROCKETMIND', 'ROCKETMIND', '2024-04-24 23:13:53.000', '2024-04-24 23:13:53.000'),
(4, 3, 2, 5, '2023-11-01 00:00:00.000', '9999-12-31 00:00:00.000', 'ROCKETMIND', 'ROCKETMIND', '2024-04-24 23:18:14.000', '2024-04-24 23:18:14.000'),
(11, 9, 1, 1, '2024-05-01 00:00:00.000', '2024-06-01 00:00:00.000', 'ROCKETMIND', 'ROCKETMIND', '2024-05-24 22:56:24.000', '2024-05-24 22:56:24.000');

CREATE TABLE `tbl_departamento` (
  `Id_departamento` int NOT NULL AUTO_INCREMENT,
  `Nombre_departamento` varchar(30) DEFAULT NULL,
  `Creado_por` varchar(15) NOT NULL,
  `Modificado_por` varchar(15) NOT NULL,
  `Fecha_creacion` datetime NOT NULL,
  `Fecha_modificacion` datetime NOT NULL,
  PRIMARY KEY (`Id_departamento`)
) ENGINE=InnoDB AUTO_INCREMENT=12 DEFAULT CHARSET=utf8mb4 COLLATE=utf8mb4_0900_ai_ci;

INSERT INTO tbl_departamento (Id_departamento, Nombre_departamento, Creado_por, Modificado_por, Fecha_creacion, Fecha_modificacion) VALUES
(1, 'TI COLON', 'Marilyn Mejia', 'ROCKETMIND', '2024-03-16 00:00:00.000', '2024-05-26 21:00:16.000'),
(2, 'TI TEGUCIGALPA', 'Marilyn Mejia', 'Marilyn Mejia', '2024-03-16 00:00:00.000', '2024-03-16 00:00:00.000'),
(3, 'TI CHOLUTECA', 'Marilyn Mejia', 'Marilyn Mejia', '2024-03-16 00:00:00.000', '2024-03-16 00:00:00.000'),
(4, 'SOPORTE TECNICO TEGUCIGALPA', 'Marilyn Mejia', 'Marilyn Mejia', '2024-03-16 00:00:00.000', '2024-03-16 00:00:00.000'),
(5, 'SOPORTE TECNICO SPS', 'Marilyn Mejia', 'Marilyn Mejia', '2024-03-16 00:00:00.000', '2024-03-16 00:00:00.000'),
(6, 'SOPORTE TECNICO VALLE', 'ROCKETMIND', 'ROCKETMIND', '2024-05-26 20:44:20.000', '2024-05-26 20:44:20.000'),
(7, 'TI GRACIAS A DIOS', 'ROCKETMIND', 'ROCKETMIND', '2024-05-26 21:21:09.000', '2024-05-26 21:21:09.000'),
(8, 'SOPORTE TECNICO COLON', 'ROCKETMIND', 'ROCKETMIND', '2024-05-26 21:28:55.000', '2024-05-26 21:28:55.000'),
(9, 'TI COPAN', 'ROCKETMIND', 'ROCKETMIND', '2024-05-26 21:30:04.000', '2024-05-26 22:11:16.000'),
(10, 'SOPORTE TECNICO COPAN', 'ROCKETMIND', 'ROCKETMIND', '2024-05-26 21:32:17.000', '2024-05-26 21:32:17.000'),
(11, 'MANTENIMIENTO COLON', 'ROCKETMIND', 'ROCKETMIND', '2024-05-26 21:37:16.000', '2024-05-26 21:37:16.000');

CREATE TABLE `tbl_detalle_contrato` (
  `Id_Detalle_Contrato` int NOT NULL AUTO_INCREMENT,
  `Id_Contrato` int NOT NULL,
  `Dias_Vacaciones_Tomadas` int NOT NULL,
  `Fechas_Vacaciones_Tomadas` date NOT NULL,
  `Creado_por` varchar(15) NOT NULL,
  `Modificado_por` varchar(15) NOT NULL,
  `Fecha_creacion` datetime NOT NULL,
  `Fecha_modificacion` datetime NOT NULL,
  PRIMARY KEY (`Id_Detalle_Contrato`),
  KEY `FK_DetalleContrato_Contrato_idx` (`Id_Contrato`),
  CONSTRAINT `FK_DetalleContrato_Contrato` FOREIGN KEY (`Id_Contrato`) REFERENCES `tbl_contrato` (`Id_Contrato`)
) ENGINE=InnoDB AUTO_INCREMENT=2 DEFAULT CHARSET=utf8mb4 COLLATE=utf8mb4_0900_ai_ci;

CREATE TABLE `tbl_empleado` (
  `Id_Empleado` int NOT NULL AUTO_INCREMENT,
  `Id_Estado` int NOT NULL,
  `Id_EstadoCivil` int NOT NULL,
  `Id_Genero` int NOT NULL,
  `Nombre` varchar(50) NOT NULL,
  `Apellido` varchar(50) NOT NULL,
  `Direccion_vivienda` varchar(100) DEFAULT NULL,
  `Salario` decimal(10,0) NOT NULL,
  `Dni` varchar(15) NOT NULL,
  `Creado_por` varchar(15) NOT NULL,
  `Modificado_por` varchar(15) NOT NULL,
  `Fecha_creacion` datetime NOT NULL,
  `Fecha_modificacion` datetime NOT NULL,
  PRIMARY KEY (`Id_Empleado`),
  UNIQUE KEY `Dni_UNIQUE` (`Dni`),
  KEY `FK_Empleado_Genero_idx` (`Id_Genero`),
  KEY `FK_Empleado_EstadoCivil_idx` (`Id_EstadoCivil`),
  KEY `FK_Empleado_Estado_idx` (`Id_Estado`),
  CONSTRAINT `FK_Empleado_Estado` FOREIGN KEY (`Id_Estado`) REFERENCES `tbl_estado` (`Id_Estado`) ON DELETE RESTRICT ON UPDATE RESTRICT,
  CONSTRAINT `FK_Empleado_EstadoCivil` FOREIGN KEY (`Id_EstadoCivil`) REFERENCES `tbl_estado_civil` (`Id_EstadoCivil`),
  CONSTRAINT `FK_Empleado_Genero` FOREIGN KEY (`Id_Genero`) REFERENCES `tbl_genero` (`Id_Genero`)
) ENGINE=InnoDB AUTO_INCREMENT=37 DEFAULT CHARSET=utf8mb4 COLLATE=utf8mb4_0900_ai_ci;

INSERT INTO tbl_empleado (Id_Empleado, Id_Estado, Id_EstadoCivil, Id_Genero, Nombre, Apellido, Direccion_vivienda, Salario, Dni, Creado_por, Modificado_por, Fecha_creacion, Fecha_modificacion) VALUES
(1, 1, 1, 1, 'Marilyn', 'Mejia', 'TGU', '20000', '0801-2000-5463', 'Marilyn Mejia', 'Marilyn Mejia', '2024-03-03 00:00:00.000', '2024-03-03 00:00:00.000'),
(2, 1, 1, 2, 'Elan', 'David', 'TGU', '20000', '0801-2000-5478', 'Marilyn Mejia', 'Marilyn Mejia', '2024-03-03 00:00:00.000', '2024-03-03 00:00:00.000'),
(3, 1, 1, 1, 'Maria ', 'Mejia', NULL, '30000', '0801-2000-5400', 'Marilyn Mejia', 'Marilyn Mejia', '2024-03-16 00:00:00.000', '2024-03-16 00:00:00.000'),
(4, 1, 2, 2, 'EDUARDO ', 'MATAMOROS', 'TGU', '30000', '0801-1998-27631', 'D4NP1N3D4198', 'D4NP1N3D4198', '2024-04-15 21:53:55.000', '2024-04-15 21:53:55.000'),
(5, 1, 1, 2, 'ISAAC', 'DIAZ', 'FLOR 1 ', '1000', '0801-2002-06514', 'ROCKETMIND', 'ROCKETMIND', '2024-04-21 13:01:52.000', '2024-04-21 13:01:52.000'),
(6, 1, 1, 2, 'RICARDO', 'MADURO', 'FLOR 1 ', '1000', '0801-2002-05120', 'ROCKETMIND', 'ROCKETMIND', '2024-04-21 13:36:07.000', '2024-04-21 13:36:07.000'),
(7, 1, 1, 2, ' IVONNE ALEJANDRA', 'AMADOR DIAZ', 'FLOR 1 ', '10000', '0801-1997-06548', 'ROCKETMIND', 'ROCKETMIND', '2024-04-21 21:19:40.000', '2024-04-21 21:19:40.000'),
(8, 1, 1, 2, 'KEVIN JOEL', 'HERNANDEZ DIAZ', 'FLOR 1 ', '10000', '0801-2003-06575', 'ROCKETMIND', 'ROCKETMIND', '2024-04-21 21:25:24.000', '2024-05-13 18:57:41.000'),
(9, 1, 2, 1, 'ERIKA', 'WILLIAM', 'FLOR DEL CAMPO', '30000', '1503-2000-23672', 'ROCKETMIND', 'ROCKETMIND', '2024-05-14 15:53:56.000', '2024-08-09 00:29:20.000');

CREATE TABLE `tbl_empleado_movimientovacaciones` (
  `Id_Empleado` int NOT NULL,
  `Id_MovimientoVacaciones` int NOT NULL,
  `Creado_por` varchar(15) NOT NULL,
  `Modificado_por` varchar(15) NOT NULL,
  `Fecha_creacion` datetime NOT NULL,
  `Fecha_modificacion` datetime NOT NULL,
  PRIMARY KEY (`Id_Empleado`,`Id_MovimientoVacaciones`),
  KEY `FK_EmpleadoMovimientoVacaciones_MovimientoVacaciones_idx` (`Id_MovimientoVacaciones`),
  CONSTRAINT `FK_EmpleadoMovimientoVacaciones_Empleado` FOREIGN KEY (`Id_Empleado`) REFERENCES `tbl_empleado` (`Id_Empleado`),
  CONSTRAINT `FK_EmpleadoMovimientoVacaciones_MovimientoVacaciones` FOREIGN KEY (`Id_MovimientoVacaciones`) REFERENCES `tbl_movimiento_vacaciones` (`Id_MovimientoVacaciones`)
) ENGINE=InnoDB DEFAULT CHARSET=utf8mb4 COLLATE=utf8mb4_0900_ai_ci;

CREATE TABLE `tbl_estado` (
  `Id_Estado` int NOT NULL AUTO_INCREMENT,
  `Estado` varchar(10) NOT NULL,
  PRIMARY KEY (`Id_Estado`)
) ENGINE=InnoDB AUTO_INCREMENT=14 DEFAULT CHARSET=utf8mb4 COLLATE=utf8mb4_0900_ai_ci;

INSERT INTO tbl_estado (Id_Estado, Estado) VALUES
(1, 'Activo'),
(2, 'Vacacion'),
(3, 'Bloqueado'),
(6, 'PENDIENTE'),
(9, 'Innactivo');

CREATE TABLE `tbl_estado_civil` (
  `Id_EstadoCivil` int NOT NULL AUTO_INCREMENT,
  `Estado_civil` varchar(15) DEFAULT NULL,
  PRIMARY KEY (`Id_EstadoCivil`)
) ENGINE=InnoDB AUTO_INCREMENT=15 DEFAULT CHARSET=utf8mb4 COLLATE=utf8mb4_0900_ai_ci;

INSERT INTO tbl_estado_civil (Id_EstadoCivil, Estado_civil) VALUES
(1, 'Soltero'),
(2, 'Casado'),
(14, 'UNION LIBRE');

CREATE TABLE `tbl_estado_de_solicitud` (
  `Id_Estado_Solicitud` int NOT NULL AUTO_INCREMENT,
  `Estado_Solicitud` varchar(10) NOT NULL,
  `Creado_por` varchar(15) NOT NULL,
  `Modificado_por` varchar(15) NOT NULL,
  `Fecha_creacion` datetime NOT NULL,
  `Fecha_modificacion` datetime NOT NULL,
  PRIMARY KEY (`Id_Estado_Solicitud`)
) ENGINE=InnoDB AUTO_INCREMENT=4 DEFAULT CHARSET=utf8mb4 COLLATE=utf8mb4_0900_ai_ci;

INSERT INTO tbl_estado_de_solicitud (Id_Estado_Solicitud, Estado_Solicitud, Creado_por, Modificado_por, Fecha_creacion, Fecha_modificacion) VALUES
(1, 'Denegada', 'Marilyn Mejia', 'Marilyn Mejia', '2024-03-31 00:00:00.000', '2024-03-31 00:00:00.000'),
(2, 'Aprobada', 'Marilyn Mejia', 'Marilyn Mejia', '2024-03-31 00:00:00.000', '2024-03-31 00:00:00.000'),
(3, 'Pendiente', 'Marilyn Mejia', 'Marilyn Mejia', '2024-03-31 00:00:00.000', '2024-03-31 00:00:00.000');

CREATE TABLE `tbl_genero` (
  `Id_Genero` int NOT NULL AUTO_INCREMENT,
  `Nombre_Genero` varchar(30) NOT NULL,
  PRIMARY KEY (`Id_Genero`)
) ENGINE=InnoDB AUTO_INCREMENT=20 DEFAULT CHARSET=utf8mb4 COLLATE=utf8mb4_0900_ai_ci;

INSERT INTO tbl_genero (Id_Genero, Nombre_Genero) VALUES
(1, 'Femenino'),
(2, 'Masculino'),
(12, ' Otro'),
(14, 'NO BINARIO'),
(15, ''),
(16, 'M'),
(17, 'QLO'),
(18, 'AHG'),
(19, 'UY');

CREATE TABLE `tbl_movimiento_vacaciones` (
  `Id_MovimientoVacaciones` int NOT NULL AUTO_INCREMENT,
  `Revision_Dias` int DEFAULT NULL,
  `Cantidad_Dias` int DEFAULT NULL,
  `Fecha_Transaccion` datetime NOT NULL,
  `Creado_por` varchar(15) NOT NULL,
  `Modificado_por` varchar(15) NOT NULL,
  `Fecha_creacion` datetime NOT NULL,
  `Fecha_modificacion` datetime NOT NULL,
  PRIMARY KEY (`Id_MovimientoVacaciones`)
) ENGINE=InnoDB DEFAULT CHARSET=utf8mb4 COLLATE=utf8mb4_0900_ai_ci;

CREATE TABLE `tbl_ms_bitacora` (
  `Id_bitacora` int NOT NULL AUTO_INCREMENT,
  `Id_usuario` int NOT NULL,
  `Id_Objeto` int NOT NULL,
  `Fecha` datetime DEFAULT NULL,
  `Accion` varchar(300) DEFAULT NULL,
  `Descripcion` varchar(100) DEFAULT NULL,
  PRIMARY KEY (`Id_bitacora`),
  KEY `FK_bitacora_usuario_idx` (`Id_usuario`),
  KEY `FK_bitacora_objeto_idx` (`Id_Objeto`),
  CONSTRAINT `FK_bitacora_objeto` FOREIGN KEY (`Id_Objeto`) REFERENCES `tbl_ms_objeto` (`Id_objeto`),
  CONSTRAINT `FK_bitacora_usuario` FOREIGN KEY (`Id_usuario`) REFERENCES `tbl_ms_usuario` (`Id_usuario`)
) ENGINE=InnoDB AUTO_INCREMENT=1992 DEFAULT CHARSET=utf8mb4 COLLATE=utf8mb4_0900_ai_ci;

INSERT INTO tbl_ms_bitacora (Id_bitacora, Id_usuario, Id_Objeto, Fecha, Accion, Descripcion) VALUES
(1570, 76, 9, '2024-08-04 23:44:31.000', 'Entró a usuarios', 'Se mostraron los registros de usuarios.'),
(1572, 76, 2, '2024-08-05 00:09:31.000', 'Inicio sesión', 'El usuario inicio sesión de manera correcta.'),
(1574, 76, 12, '2024-08-05 00:09:35.000', 'Entró a la bitácora', 'Se mostraron los registros de bitácora.'),
(1576, 76, 9, '2024-08-05 00:09:54.000', 'Entró a usuarios', 'Se mostraron los registros de usuarios.'),
(1578, 76, 12, '2024-08-05 00:10:00.000', 'Entró a la bitácora', 'Se mostraron los registros de bitácora.'),
(1580, 76, 5, '2024-08-05 00:11:11.000', 'Entró a empleados', 'Se mostraron los registros de los empleados.'),
(1582, 76, 12, '2024-08-05 00:11:15.000', 'Entró a la bitácora', 'Se mostraron los registros de bitácora.'),
(1584, 76, 13, '2024-08-05 00:11:44.000', 'Entró a contratos', 'Se mostraron los registros de contratos.'),
(1586, 76, 12, '2024-08-05 00:17:19.000', 'Entró a la bitácora', 'Se mostraron los registros de bitácora.'),
(1588, 76, 9, '2024-08-05 00:17:40.000', 'Entró a usuarios', 'Se mostraron los registros de usuarios.'),
(1589, 76, 9, '2024-08-05 00:17:43.000', 'Entró a usuarios', 'Se mostraron los registros de usuarios.'),
(1590, 76, 12, '2024-08-05 00:18:05.000', 'Entró a la bitácora', 'Se mostraron los registros de bitácora.'),
(1592, 76, 9, '2024-08-05 00:26:13.000', 'Entró a usuarios', 'Se mostraron los registros de usuarios.'),
(1593, 76, 9, '2024-08-05 00:26:15.000', 'Entró a usuarios', 'Se mostraron los registros de usuarios.'),
(1594, 76, 151, '2024-08-05 00:36:47.000', 'Entró a géneros', 'Se mostraron los registros de género.'),
(1596, 76, 147, '2024-08-05 00:38:34.000', 'Entró a parámetros', 'Se mostraron los registros de parámetros.'),
(1598, 76, 169, '2024-08-05 00:38:44.000', 'Entró a roles', 'Se mostraron los registros de roles.'),
(1600, 76, 146, '2024-08-05 00:39:04.000', 'Entró a permisos', 'Se mostraron los registros de permisos.'),
(1602, 76, 151, '2024-08-05 00:42:33.000', 'Entró a géneros', 'Se mostraron los registros de género.'),
(1603, 76, 151, '2024-08-05 00:42:34.000', 'Entró a géneros', 'Se mostraron los registros de género.'),
(1604, 76, 2, '2024-08-05 00:48:04.000', 'Inicio sesión', 'El usuario inicio sesión de manera correcta.'),
(1606, 76, 12, '2024-08-05 00:48:12.000', 'Entró a la bitácora', 'Se mostraron los registros de bitácora.'),
(1608, 76, 146, '2024-08-05 00:48:57.000', 'Entró a permisos', 'Se mostraron los registros de permisos.'),
(1610, 76, 9, '2024-08-05 00:49:05.000', 'Entró a usuarios', 'Se mostraron los registros de usuarios.'),
(1612, 76, 12, '2024-08-05 00:49:12.000', 'Entró a la bitácora', 'Se mostraron los registros de bitácora.'),
(1614, 76, 9, '2024-08-05 00:55:06.000', 'Entró a usuarios', 'Se mostraron los registros de usuarios.'),
(1616, 76, 173, '2024-08-05 00:55:07.000', 'Entró al apartado de mantenimiento usuario', 'Se mostraron los registros del apartado de mantenimiento usuario'),
(1617, 76, 12, '2024-08-05 00:55:20.000', 'Entró a la bitácora', 'Se mostraron los registros de bitácora.'),
(1618, 76, 12, '2024-08-05 00:55:21.000', 'Entró a la bitácora', 'Se mostraron los registros de bitácora.'),
(1619, 76, 169, '2024-08-05 00:56:13.000', 'Entró a roles', 'Se mostraron los registros de roles.'),
(1621, 76, 146, '2024-08-05 00:56:14.000', 'Entró a permisos', 'Se mostraron los registros de permisos.'),
(1623, 76, 186, '2024-08-05 00:56:16.000', 'Entró al apartado de mantenimiento acceso al sistema', 'Se mostraron los registros del apartado de mantenimiento acceso al sistema'),
(1624, 76, 12, '2024-08-05 00:56:20.000', 'Entró a la bitácora', 'Se mostraron los registros de bitácora.'),
(1626, 76, 2, '2024-08-05 01:16:43.000', 'Inicio sesión', 'El usuario inicio sesión de manera correcta.'),
(1628, 76, 145, '2024-08-05 01:16:47.000', 'Entró a solicitudes', 'Se mostraron los registros de solicitudes de usuario.'),
(1630, 76, 183, '2024-08-05 01:17:16.000', 'Generó un reporte.', 'Se mostró el reporte del apartado de mantenimiento mis solicitudes.'),
(1631, 76, 12, '2024-08-05 01:17:36.000', 'Entró a la bitácora', 'Se mostraron los registros de bitácora.'),
(1633, 76, 12, '2024-08-05 01:17:51.000', 'Entró a la bitácora', 'Se mostraron los registros de bitácora.'),
(1634, 76, 145, '2024-08-05 01:20:16.000', 'Entró a solicitudes', 'Se mostraron los registros de solicitudes de usuario.'),
(1636, 76, 183, '2024-08-05 01:20:17.000', 'Generó un reporte.', 'Se mostró el reporte del apartado de mantenimiento mis solicitudes.'),
(1637, 76, 17, '2024-08-05 01:20:20.000', 'Entró a departamento', 'Se mostraron los registros de departamentos.'),
(1639, 76, 176, '2024-08-05 01:20:21.000', 'Generó un reporte.', 'Se mostró el reporte del apartado de mantenimiento departamento.'),
(1640, 76, 12, '2024-08-05 01:20:24.000', 'Entró a la bitácora', 'Se mostraron los registros de bitácora.'),
(1642, 76, 13, '2024-08-05 01:20:59.000', 'Entró a contratos', 'Se mostraron los registros de contratos.'),
(1644, 76, 175, '2024-08-05 01:21:00.000', 'Generó un reporte.', 'Se mostró el reporte del apartado de mantenimiento contrato.'),
(1645, 76, 145, '2024-08-05 01:21:03.000', 'Entró a solicitudes', 'Se mostraron los registros de solicitudes de usuario.'),
(1647, 76, 146, '2024-08-05 01:21:07.000', 'Entró a permisos', 'Se mostraron los registros de permisos.'),
(1649, 76, 12, '2024-08-05 01:21:10.000', 'Entró a la bitácora', 'Se mostraron los registros de bitácora.'),
(1651, 76, 12, '2024-08-05 01:21:45.000', 'Entró a la bitácora', 'Se mostraron los registros de bitácora.'),
(1652, 76, 12, '2024-08-05 01:22:05.000', 'Entró a la bitácora', 'Se mostraron los registros de bitácora.'),
(1653, 76, 13, '2024-08-05 01:23:33.000', 'Entró a contratos', 'Se mostraron los registros de contratos.'),
(1655, 76, 17, '2024-08-05 01:23:36.000', 'Entró a departamento', 'Se mostraron los registros de departamentos.'),
(1657, 76, 5, '2024-08-05 01:23:38.000', 'Entró a empleados', 'Se mostraron los registros de los empleados.'),
(1658, 76, 5, '2024-08-05 01:23:39.000', 'Entró a empleados', 'Se mostraron los registros de los empleados.'),
(1659, 76, 9, '2024-08-05 01:23:40.000', 'Entró a usuarios', 'Se mostraron los registros de usuarios.'),
(1661, 76, 154, '2024-08-05 01:23:43.000', 'Entró a estado civil', 'Se mostraron los registros de estado civil.'),
(1663, 76, 2, '2024-08-05 01:36:58.000', 'Inicio sesión', 'El usuario inicio sesión de manera correcta.'),
(1665, 76, 2, '2024-08-05 01:37:03.000', 'Inicio sesión', 'El usuario inicio sesión de manera correcta.'),
(1667, 76, 12, '2024-08-05 01:37:06.000', 'Entró a la bitácora', 'Se mostraron los registros de bitácora.'),
(1669, 76, 12, '2024-08-05 01:37:07.000', 'Entró a la bitácora', 'Se mostraron los registros de bitácora.'),
(1670, 76, 12, '2024-08-05 01:37:33.000', 'Entró a la bitácora', 'Se mostraron los registros de bitácora.'),
(1671, 76, 12, '2024-08-05 01:37:39.000', 'Entró a la bitácora', 'Se mostraron los registros de bitácora.'),
(1672, 76, 12, '2024-08-05 01:37:55.000', 'Entró a la bitácora', 'Se mostraron los registros de bitácora.'),
(1673, 76, 12, '2024-08-05 01:38:08.000', 'Entró a la bitácora', 'Se mostraron los registros de bitácora.'),
(1674, 76, 12, '2024-08-05 01:38:14.000', 'Entró a la bitácora', 'Se mostraron los registros de bitácora.'),
(1675, 76, 12, '2024-08-05 01:38:48.000', 'Entró a la bitácora', 'Se mostraron los registros de bitácora.'),
(1676, 76, 12, '2024-08-05 01:40:52.000', 'Entró a la bitácora', 'Se mostraron los registros de bitácora.'),
(1677, 76, 12, '2024-08-05 01:41:06.000', 'Entró a la bitácora', 'Se mostraron los registros de bitácora.'),
(1678, 76, 12, '2024-08-05 01:41:54.000', 'Entró a la bitácora', 'Se mostraron los registros de bitácora.'),
(1679, 76, 12, '2024-08-05 01:43:24.000', 'Entró a la bitácora', 'Se mostraron los registros de bitácora.'),
(1680, 76, 12, '2024-08-05 01:44:41.000', 'Entró a la bitácora', 'Se mostraron los registros de bitácora.'),
(1681, 76, 12, '2024-08-08 22:57:05.000', 'Entró a la bitácora', 'Se mostraron los registros de bitácora.'),
(1683, 76, 13, '2024-08-08 22:57:20.000', 'Entró a contratos', 'Se mostraron los registros de contratos.'),
(1685, 76, 175, '2024-08-08 22:57:23.000', 'Generó un reporte.', 'Se mostró el reporte del apartado de mantenimiento contrato.'),
(1686, 76, 12, '2024-08-08 22:57:37.000', 'Entró a la bitácora', 'Se mostraron los registros de bitácora.'),
(1688, 76, 17, '2024-08-08 22:58:57.000', 'Entró a departamento', 'Se mostraron los registros de departamentos.'),
(1690, 76, 176, '2024-08-08 22:58:58.000', 'Generó un reporte.', 'Se mostró el reporte del apartado de mantenimiento departamento.'),
(1691, 76, 12, '2024-08-08 22:59:48.000', 'Entró a la bitácora', 'Se mostraron los registros de bitácora.'),
(1693, 76, 145, '2024-08-08 23:12:10.000', 'Entró a solicitudes', 'Se mostraron los registros de solicitudes de usuario.'),
(1695, 76, 145, '2024-08-08 23:12:11.000', 'Entró a solicitudes', 'Se mostraron los registros de solicitudes de usuario.'),
(1697, 76, 183, '2024-08-08 23:12:13.000', 'Generó un reporte.', 'Se mostró el reporte del apartado de mantenimiento mis solicitudes.'),
(1698, 76, 12, '2024-08-08 23:12:31.000', 'Entró a la bitácora', 'Se mostraron los registros de bitácora.'),
(1700, 76, 2, '2024-08-08 23:17:59.000', 'Inicio sesión', 'El usuario inicio sesión de manera correcta.'),
(1702, 76, 175, '2024-08-08 23:18:20.000', 'Generó un reporte.', 'Se mostró el reporte del apartado de mantenimiento contrato.'),
(1703, 76, 12, '2024-08-08 23:18:40.000', 'Entró a la bitácora', 'Se mostraron los registros de bitácora.'),
(1705, 76, 2, '2024-08-08 23:19:46.000', 'Inicio sesión', 'El usuario inicio sesión de manera correcta.'),
(1707, 76, 12, '2024-08-08 23:21:05.000', 'Entró a la bitácora', 'Se mostraron los registros de bitácora.'),
(1709, 76, 13, '2024-08-08 23:22:02.000', 'Entró al apartado de mantenimiento contratos', 'Se mostraron los registros de contratos.'),
(1711, 76, 175, '2024-08-08 23:22:05.000', 'Generó un reporte.', 'Se mostró el reporte del apartado de mantenimiento contrato.'),
(1712, 76, 12, '2024-08-08 23:22:21.000', 'Entró a la bitácora', 'Se mostraron los registros de bitácora.'),
(1714, 76, 13, '2024-08-08 23:28:53.000', 'Entró al apartado de mantenimiento contratos', 'Se mostraron los registros de contratos.'),
(1716, 76, 12, '2024-08-08 23:29:00.000', 'Entró a la bitácora', 'Se mostraron los registros de bitácora.'),
(1718, 76, 2, '2024-08-08 23:31:14.000', 'Inicio sesión', 'El usuario inicio sesión de manera correcta.'),
(1720, 76, 2, '2024-08-08 23:32:20.000', 'Inicio sesión', 'El usuario inicio sesión de manera correcta.'),
(1722, 76, 9, '2024-08-08 23:32:26.000', 'Entró a usuarios', 'Se mostraron los registros de usuarios.'),
(1724, 76, 13, '2024-08-08 23:32:29.000', 'Entró al apartado de mantenimiento contratos', 'Se mostraron los registros de contratos.'),
(1726, 76, 12, '2024-08-08 23:32:32.000', 'Entró a la bitácora', 'Se mostraron los registros de bitácora.'),
(1728, 76, 2, '2024-08-08 23:38:53.000', 'Inicio sesión', 'El usuario inicio sesión de manera correcta.'),
(1730, 76, 13, '2024-08-08 23:38:56.000', 'Entró al apartado de mantenimiento contratos', 'Se mostraron los registros de contratos.'),
(1731, 76, 12, '2024-08-08 23:40:19.000', 'Entró a la bitácora', 'Se mostraron los registros de bitácora.'),
(1733, 76, 2, '2024-08-08 23:40:31.000', 'Inicio sesión', 'El usuario inicio sesión de manera correcta.'),
(1735, 76, 12, '2024-08-08 23:40:44.000', 'Entró a la bitácora', 'Se mostraron los registros de bitácora.'),
(1737, 76, 17, '2024-08-08 23:40:55.000', 'Entró a departamento', 'Se mostraron los registros de departamentos.'),
(1739, 76, 12, '2024-08-08 23:41:08.000', 'Entró a la bitácora', 'Se mostraron los registros de bitácora.'),
(1741, 76, 2, '2024-08-08 23:46:21.000', 'Inicio sesión', 'El usuario inicio sesión de manera correcta.'),
(1743, 76, 5, '2024-08-08 23:46:25.000', 'Entró a empleados', 'Se mostraron los registros de los empleados.'),
(1745, 76, 2, '2024-08-08 23:48:09.000', 'Inicio sesión', 'El usuario inicio sesión de manera correcta.'),
(1747, 76, 2, '2024-08-08 23:49:18.000', 'Inicio sesión', 'El usuario inicio sesión de manera correcta.'),
(1749, 76, 163, '2024-08-08 23:49:24.000', 'Entró a las áreas', 'Se mostraron los registros de las áreas.'),
(1751, 76, 12, '2024-08-08 23:49:29.000', 'Entró a la bitácora', 'Se mostraron los registros de bitácora.'),
(1753, 76, 2, '2024-08-09 00:10:34.000', 'Inicio sesión', 'El usuario inicio sesión de manera correcta.'),
(1755, 76, 13, '2024-08-09 00:10:48.000', 'Entró al apartado de mantenimiento contratos', 'Se mostraron los registros de contratos.'),
(1757, 76, 12, '2024-08-09 00:10:52.000', 'Entró a la bitácora', 'Se mostraron los registros de bitácora.'),
(1759, 76, 2, '2024-08-09 00:13:32.000', 'Inicio sesión', 'El usuario inicio sesión de manera correcta.'),
(1761, 76, 5, '2024-08-09 00:13:36.000', 'Entró a empleados', 'Se mostraron los registros de los empleados.'),
(1763, 76, 13, '2024-08-09 00:13:40.000', 'Entró al apartado de mantenimiento contratos', 'Se mostraron los registros de contratos.'),
(1765, 76, 12, '2024-08-09 00:13:44.000', 'Entró a la bitácora', 'Se mostraron los registros de bitácora.'),
(1767, 76, 2, '2024-08-09 00:13:56.000', 'Inicio sesión', 'El usuario inicio sesión de manera correcta.'),
(1769, 76, 17, '2024-08-09 00:13:58.000', 'Entró a departamento', 'Se mostraron los registros de departamentos.'),
(1771, 76, 163, '2024-08-09 00:14:00.000', 'Entró a las áreas', 'Se mostraron los registros de las áreas.'),
(1773, 76, 13, '2024-08-09 00:14:01.000', 'Entró al apartado de mantenimiento contratos', 'Se mostraron los registros de contratos.'),
(1775, 76, 12, '2024-08-09 00:14:05.000', 'Entró a la bitácora', 'Se mostraron los registros de bitácora.'),
(1777, 76, 2, '2024-08-09 00:16:12.000', 'Inicio sesión', 'El usuario inicio sesión de manera correcta.'),
(1779, 76, 12, '2024-08-09 00:16:30.000', 'Entró a la bitácora', 'Se mostraron los registros de bitácora.'),
(1781, 76, 17, '2024-08-09 00:16:39.000', 'Entró a departamento', 'Se mostraron los registros de departamentos.'),
(1783, 76, 2, '2024-08-09 00:20:39.000', 'Inicio sesión', 'El usuario inicio sesión de manera correcta.'),
(1785, 76, 13, '2024-08-09 00:20:44.000', 'Entró a contratos', 'Se mostraron los registros de contratos.'),
(1787, 76, 12, '2024-08-09 00:20:49.000', 'Entró a la bitácora', 'Se mostraron los registros de bitácora.'),
(1789, 76, 2, '2024-08-09 00:22:56.000', 'Inicio sesión', 'El usuario inicio sesión de manera correcta.'),
(1791, 76, 13, '2024-08-09 00:23:01.000', 'Entró a contratos', 'Se mostraron los registros de contratos.'),
(1793, 76, 12, '2024-08-09 00:23:04.000', 'Entró a la bitácora', 'Se mostraron los registros de bitácora.'),
(1795, 76, 2, '2024-08-09 00:25:58.000', 'Inicio sesión', 'El usuario inicio sesión de manera correcta.'),
(1797, 76, 146, '2024-08-09 00:26:06.000', 'Entró a permisos', 'Se mostraron los registros de permisos.'),
(1799, 76, 12, '2024-08-09 00:26:08.000', 'Entró a la bitácora', 'Se mostraron los registros de bitácora.'),
(1801, 76, 2, '2024-08-09 01:55:04.000', 'Inicio sesión', 'El usuario inicio sesión de manera correcta.'),
(1803, 76, 12, '2024-08-09 01:55:17.000', 'Entró a la bitácora', 'Se mostraron los registros de bitácora.'),
(1805, 76, 151, '2024-08-09 01:55:31.000', 'Entró a géneros', 'Se mostraron los registros de género.'),
(1807, 76, 12, '2024-08-09 01:55:40.000', 'Entró a la bitácora', 'Se mostraron los registros de bitácora.'),
(1809, 76, 151, '2024-08-09 01:56:50.000', 'Entró a géneros', 'Se mostraron los registros de género.'),
(1811, 76, 152, '2024-08-09 01:56:57.000', 'Crear género', 'Se creó un nuevo género.'),
(1812, 76, 12, '2024-08-09 01:57:02.000', 'Entró a la bitácora', 'Se mostraron los registros de bitácora.'),
(1814, 76, 151, '2024-08-09 01:57:25.000', 'Entró a géneros', 'Se mostraron los registros de género.'),
(1816, 76, 12, '2024-08-09 01:57:29.000', 'Entró a la bitácora', 'Se mostraron los registros de bitácora.'),
(1818, 76, 2, '2024-08-09 01:58:39.000', 'Inicio sesión', 'El usuario inicio sesión de manera correcta.'),
(1820, 76, 151, '2024-08-09 01:59:08.000', 'Entró a géneros', 'Se mostraron los registros de género.'),
(1822, 76, 152, '2024-08-09 01:59:13.000', 'Crear género', 'Se creó un nuevo género.'),
(1823, 76, 157, '2024-08-09 01:59:43.000', 'Entró a tipos de teléfono', 'Se mostraron los registros de tipos de teléfono.'),
(1825, 76, 151, '2024-08-09 01:59:44.000', 'Entró a géneros', 'Se mostraron los registros de género.'),
(1827, 76, 2, '2024-08-09 02:01:02.000', 'Inicio sesión', 'El usuario inicio sesión de manera correcta.'),
(1829, 76, 12, '2024-08-09 02:01:15.000', 'Entró a la bitácora', 'Se mostraron los registros de bitácora.'),
(1831, 76, 12, '2024-08-09 02:01:32.000', 'Entró a la bitácora', 'Se mostraron los registros de bitácora.'),
(1833, 76, 157, '2024-08-09 02:01:58.000', 'Entró a tipos de teléfono', 'Se mostraron los registros de tipos de teléfono.'),
(1835, 76, 12, '2024-08-09 02:02:01.000', 'Entró a la bitácora', 'Se mostraron los registros de bitácora.'),
(1837, 76, 2, '2024-08-09 02:02:35.000', 'Inicio sesión', 'El usuario inicio sesión de manera correcta.'),
(1839, 76, 12, '2024-08-09 02:02:38.000', 'Entró a la bitácora', 'Se mostraron los registros de bitácora.'),
(1841, 76, 160, '2024-08-09 02:02:46.000', 'Entró a puestos', 'Se mostraron los registros de puestos.'),
(1843, 76, 2, '2024-08-09 02:03:02.000', 'Inicio sesión', 'El usuario inicio sesión de manera correcta.'),
(1845, 76, 12, '2024-08-09 02:03:04.000', 'Entró a la bitácora', 'Se mostraron los registros de bitácora.'),
(1847, 76, 9, '2024-08-09 02:03:17.000', 'Entró a usuarios', 'Se mostraron los registros de usuarios.'),
(1849, 76, 12, '2024-08-09 02:03:25.000', 'Entró a la bitácora', 'Se mostraron los registros de bitácora.'),
(1851, 76, 5, '2024-08-09 02:03:37.000', 'Entró a empleados', 'Se mostraron los registros de los empleados.'),
(1853, 76, 12, '2024-08-09 02:03:45.000', 'Entró a la bitácora', 'Se mostraron los registros de bitácora.'),
(1855, 74, 2, '2024-08-09 02:14:08.000', 'Inicio sesión', 'El usuario inicio sesión de manera correcta.'),
(1857, 76, 2, '2024-08-09 02:22:44.000', 'Inicio sesión', 'El usuario inicio sesión de manera correcta.'),
(1859, 76, 160, '2024-08-09 02:22:52.000', 'Entró a puestos', 'Se mostraron los registros de puestos.'),
(1861, 76, 160, '2024-08-09 02:22:55.000', 'Entró a puestos', 'Se mostraron los registros de puestos.'),
(1863, 76, 160, '2024-08-09 02:23:07.000', 'Entró a puestos', 'Se mostraron los registros de puestos.'),
(1864, 76, 160, '2024-08-09 02:23:08.000', 'Entró a puestos', 'Se mostraron los registros de puestos.'),
(1866, 76, 160, '2024-08-09 02:23:11.000', 'Entró a puestos', 'Se mostraron los registros de puestos.'),
(1867, 76, 160, '2024-08-09 02:23:26.000', 'Entró a puestos', 'Se mostraron los registros de puestos.'),
(1869, 76, 161, '2024-08-09 02:23:51.000', 'Crear puesto', 'Se creó un nuevo puesto.'),
(1871, 76, 160, '2024-08-09 02:24:16.000', 'Entró a puestos', 'Se mostraron los registros de puestos.'),
(1873, 76, 160, '2024-08-09 02:24:19.000', 'Entró a puestos', 'Se mostraron los registros de puestos.'),
(1874, 76, 2, '2024-08-09 05:20:56.000', 'Inicio sesión', 'El usuario inicio sesión de manera correcta.'),
(1875, 76, 1, '2024-08-09 05:20:56.000', 'Entró a Inicio', 'El usuario está en el inicio del sistema.'),
(1876, 76, 187, '2024-08-09 05:21:11.000', 'Generó un reporte.', 'Se mostró el reporte del apartado de mantenimiento buzón de solicitudes.'),
(1877, 76, 5, '2024-08-09 05:21:14.000', 'Entró a empleados', 'Se mostraron los registros de los empleados.'),
(1878, 76, 5, '2024-08-09 05:21:14.000', 'Entró a empleados', 'Se mostraron los registros de los empleados.'),
(1879, 76, 174, '2024-08-09 05:21:15.000', 'Generó un reporte.', 'Se mostró el reporte del apartado de mantenimiento empleado.'),
(1880, 76, 145, '2024-08-09 05:21:18.000', 'Entró a solicitudes', 'Se mostraron los registros de solicitudes de usuario.'),
(1881, 76, 145, '2024-08-09 05:21:18.000', 'Entró a solicitudes', 'Se mostraron los registros de solicitudes de usuario.'),
(1882, 76, 12, '2024-08-09 05:21:22.000', 'Entró a la bitácora', 'Se mostraron los registros de bitácora sin duplicados.'),
(1883, 76, 12, '2024-08-09 05:21:22.000', 'Entró a la bitácora', 'Se mostraron los registros de bitácora sin duplicados.'),
(1884, 76, 13, '2024-08-09 05:21:32.000', 'Entró a contratos', 'Se mostraron los registros de contratos.'),
(1885, 76, 13, '2024-08-09 05:21:32.000', 'Entró a contratos', 'Se mostraron los registros de contratos.'),
(1886, 76, 175, '2024-08-09 05:21:33.000', 'Generó un reporte.', 'Se mostró el reporte del apartado de mantenimiento contrato.'),
(1887, 76, 145, '2024-08-09 05:21:36.000', 'Entró a solicitudes', 'Se mostraron los registros de solicitudes de usuario.'),
(1888, 76, 145, '2024-08-09 05:21:36.000', 'Entró a solicitudes', 'Se mostraron los registros de solicitudes de usuario.'),
(1889, 76, 12, '2024-08-09 05:21:41.000', 'Entró a la bitácora', 'Se mostraron los registros de bitácora sin duplicados.'),
(1890, 76, 12, '2024-08-07 05:21:41.000', 'Entró a la bitácora', 'Se mostraron los registros de bitácora sin duplicados.'),
(1891, 76, 2, '2024-08-09 05:27:57.000', 'Inicio sesión', 'El usuario inicio sesión de manera correcta.'),
(1892, 76, 1, '2024-08-09 05:27:57.000', 'Entró a Inicio', 'El usuario está en el inicio del sistema.'),
(1893, 76, 12, '2024-08-09 05:27:59.000', 'Entró a la bitácora', 'Se mostraron los registros de bitácora  .'),
(1894, 76, 12, '2024-08-09 05:27:59.000', 'Entró a la bitácora', 'Se mostraron los registros de bitácora  .'),
(1895, 76, 12, '2024-08-09 05:28:33.000', 'Entró a la bitácora', 'Se mostraron los registros de bitácora  .'),
(1896, 76, 12, '2024-08-09 05:28:37.000', 'Entró a la bitácora', 'Se mostraron los registros de bitácora  .'),
(1897, 76, 2, '2024-08-09 05:29:11.000', 'Inicio sesión', 'El usuario inicio sesión de manera correcta.'),
(1898, 76, 1, '2024-08-09 05:29:11.000', 'Entró a Inicio', 'El usuario está en el inicio del sistema.'),
(1899, 76, 12, '2024-08-09 05:29:13.000', 'Entró a la bitácora', 'Se mostraron los registros de bitácora  .'),
(1900, 76, 12, '2024-08-09 05:29:13.000', 'Entró a la bitácora', 'Se mostraron los registros de bitácora  .'),
(1901, 76, 2, '2024-08-09 05:29:55.000', 'Inicio sesión', 'El usuario inicio sesión de manera correcta.'),
(1902, 76, 1, '2024-08-09 05:29:55.000', 'Entró a Inicio', 'El usuario está en el inicio del sistema.'),
(1903, 76, 12, '2024-08-09 05:29:58.000', 'Entró a la bitácora', 'Se mostraron los registros de bitácora  .'),
(1904, 76, 12, '2024-08-09 05:29:58.000', 'Entró a la bitácora', 'Se mostraron los registros de bitácora  .'),
(1905, 76, 2, '2024-08-09 05:35:01.000', 'Inicio sesión', 'El usuario inicio sesión de manera correcta.'),
(1906, 76, 1, '2024-08-09 05:35:01.000', 'Entró a Inicio', 'El usuario está en el inicio del sistema.'),
(1907, 76, 12, '2024-08-09 05:35:04.000', 'Entró a la bitácora', 'Se mostraron los registros de bitácora.'),
(1908, 76, 12, '2024-08-09 05:35:04.000', 'Entró a la bitácora', 'Se mostraron los registros de bitácora.'),
(1909, 76, 12, '2024-08-09 05:35:12.000', 'Entró a la bitácora', 'Se mostraron los registros de bitácora.'),
(1910, 76, 12, '2024-08-09 05:35:12.000', 'Entró a la bitácora', 'Se mostraron los registros de bitácora.'),
(1911, 76, 169, '2024-08-09 05:35:15.000', 'Entró a roles', 'Se mostraron los registros de roles.'),
(1912, 76, 169, '2024-08-09 05:35:15.000', 'Entró a roles', 'Se mostraron los registros de roles.'),
(1913, 76, 12, '2024-08-09 05:35:48.000', 'Entró a la bitácora', 'Se mostraron los registros de bitácora.'),
(1914, 76, 12, '2024-08-09 05:35:48.000', 'Entró a la bitácora', 'Se mostraron los registros de bitácora.'),
(1915, 76, 169, '2024-08-09 05:36:06.000', 'Entró a roles', 'Se mostraron los registros de roles.'),
(1916, 76, 169, '2024-08-09 05:36:06.000', 'Entró a roles', 'Se mostraron los registros de roles.'),
(1917, 76, 2, '2024-08-09 05:40:51.000', 'Inicio sesión', 'El usuario inicio sesión de manera correcta.'),
(1918, 76, 1, '2024-08-09 05:40:51.000', 'Entró a Inicio', 'El usuario está en el inicio del sistema.'),
(1919, 76, 145, '2024-08-09 05:40:54.000', 'Entró a solicitudes', 'Se mostraron los registros de solicitudes de usuario.'),
(1920, 76, 145, '2024-08-09 05:40:54.000', 'Entró a solicitudes', 'Se mostraron los registros de solicitudes de usuario.'),
(1921, 76, 12, '2024-08-09 05:40:58.000', 'Entró a la bitácora', 'Se mostraron los registros de bitácora.'),
(1922, 76, 12, '2024-08-09 05:40:58.000', 'Entró a la bitácora', 'Se mostraron los registros de bitácora.'),
(1923, 76, 2, '2024-08-08 23:45:47.000', 'Inicio sesión', 'El usuario inicio sesión de manera correcta.'),
(1924, 76, 1, '2024-08-08 23:45:47.000', 'Entró a Inicio', 'El usuario está en el inicio del sistema.'),
(1925, 76, 145, '2024-08-08 23:45:49.000', 'Entró a solicitudes', 'Se mostraron los registros de solicitudes de usuario.'),
(1926, 76, 145, '2024-08-08 23:45:49.000', 'Entró a solicitudes', 'Se mostraron los registros de solicitudes de usuario.'),
(1927, 76, 12, '2024-08-08 23:45:54.000', 'Entró a la bitácora', 'Se mostraron los registros de bitácora.'),
(1928, 76, 12, '2024-08-08 23:45:54.000', 'Entró a la bitácora', 'Se mostraron los registros de bitácora.'),
(1929, 76, 12, '2024-08-08 23:46:07.000', 'Entró a la bitácora', 'Se mostraron los registros de bitácora.'),
(1930, 76, 12, '2024-08-08 23:46:09.000', 'Entró a la bitácora', 'Se mostraron los registros de bitácora.'),
(1931, 76, 12, '2024-08-08 23:46:16.000', 'Entró a la bitácora', 'Se mostraron los registros de bitácora.'),
(1932, 76, 12, '2024-08-08 23:46:17.000', 'Entró a la bitácora', 'Se mostraron los registros de bitácora.'),
(1933, 76, 5, '2024-08-08 23:46:24.000', 'Entró a empleados', 'Se mostraron los registros de los empleados.'),
(1934, 76, 5, '2024-08-08 23:46:24.000', 'Entró a empleados', 'Se mostraron los registros de los empleados.'),
(1935, 76, 13, '2024-08-08 23:46:26.000', 'Entró a contratos', 'Se mostraron los registros de contratos.'),
(1936, 76, 13, '2024-08-08 23:46:26.000', 'Entró a contratos', 'Se mostraron los registros de contratos.'),
(1937, 76, 12, '2024-08-08 23:46:28.000', 'Entró a la bitácora', 'Se mostraron los registros de bitácora.'),
(1938, 76, 12, '2024-08-08 23:46:28.000', 'Entró a la bitácora', 'Se mostraron los registros de bitácora.'),
(1939, 76, 146, '2024-08-08 23:46:32.000', 'Entró a permisos', 'Se mostraron los registros de permisos.'),
(1940, 76, 146, '2024-08-08 23:46:32.000', 'Entró a permisos', 'Se mostraron los registros de permisos.'),
(1941, 76, 12, '2024-08-08 23:46:34.000', 'Entró a la bitácora', 'Se mostraron los registros de bitácora.'),
(1942, 76, 12, '2024-08-08 23:46:34.000', 'Entró a la bitácora', 'Se mostraron los registros de bitácora.'),
(1943, 76, 2, '2024-08-08 23:46:38.000', 'Inicio sesión', 'El usuario inicio sesión de manera correcta.'),
(1944, 76, 1, '2024-08-08 23:46:38.000', 'Entró a Inicio', 'El usuario está en el inicio del sistema.'),
(1945, 76, 169, '2024-08-08 23:46:42.000', 'Entró a roles', 'Se mostraron los registros de roles.'),
(1946, 76, 169, '2024-08-08 23:46:42.000', 'Entró a roles', 'Se mostraron los registros de roles.'),
(1947, 76, 147, '2024-08-08 23:46:43.000', 'Entró a parámetros', 'Se mostraron los registros de parámetros.'),
(1948, 76, 147, '2024-08-08 23:46:43.000', 'Entró a parámetros', 'Se mostraron los registros de parámetros.'),
(1949, 76, 146, '2024-08-08 23:46:48.000', 'Entró a permisos', 'Se mostraron los registros de permisos.'),
(1950, 76, 146, '2024-08-08 23:46:48.000', 'Entró a permisos', 'Se mostraron los registros de permisos.'),
(1951, 76, 12, '2024-08-08 23:46:50.000', 'Entró a la bitácora', 'Se mostraron los registros de bitácora.'),
(1952, 76, 12, '2024-08-08 23:46:50.000', 'Entró a la bitácora', 'Se mostraron los registros de bitácora.'),
(1953, 76, 12, '2024-08-08 23:46:55.000', 'Entró a la bitácora', 'Se mostraron los registros de bitácora.'),
(1954, 76, 12, '2024-08-08 23:46:55.000', 'Entró a la bitácora', 'Se mostraron los registros de bitácora.'),
(1955, 76, 12, '2024-08-08 23:46:56.000', 'Entró a la bitácora', 'Se mostraron los registros de bitácora.'),
(1956, 76, 12, '2024-08-08 23:46:56.000', 'Entró a la bitácora', 'Se mostraron los registros de bitácora.'),
(1957, 76, 2, '2024-08-08 23:47:01.000', 'Inicio sesión', 'El usuario inicio sesión de manera correcta.'),
(1958, 76, 1, '2024-08-08 23:47:01.000', 'Entró a Inicio', 'El usuario está en el inicio del sistema.'),
(1959, 76, 12, '2024-08-08 23:47:02.000', 'Entró a la bitácora', 'Se mostraron los registros de bitácora.'),
(1960, 76, 12, '2024-08-08 23:47:02.000', 'Entró a la bitácora', 'Se mostraron los registros de bitácora.'),
(1961, 76, 12, '2024-08-08 23:47:03.000', 'Entró a la bitácora', 'Se mostraron los registros de bitácora.'),
(1962, 76, 12, '2024-08-08 23:47:03.000', 'Entró a la bitácora', 'Se mostraron los registros de bitácora.'),
(1963, 76, 2, '2024-08-09 05:47:31.000', 'Inicio sesión', 'El usuario inicio sesión de manera correcta.'),
(1964, 76, 1, '2024-08-09 05:47:31.000', 'Entró a Inicio', 'El usuario está en el inicio del sistema.'),
(1965, 76, 13, '2024-08-09 05:47:33.000', 'Entró a contratos', 'Se mostraron los registros de contratos.'),
(1966, 76, 13, '2024-08-09 05:47:33.000', 'Entró a contratos', 'Se mostraron los registros de contratos.'),
(1967, 76, 12, '2024-08-09 05:47:37.000', 'Entró a la bitácora', 'Se mostraron los registros de bitácora.'),
(1968, 76, 12, '2024-08-09 05:47:37.000', 'Entró a la bitácora', 'Se mostraron los registros de bitácora.'),
(1969, 76, 2, '2024-08-09 06:01:31.000', 'Inicio sesión', 'El usuario inicio sesión de manera correcta.'),
(1970, 76, 1, '2024-08-09 06:01:31.000', 'Entró a Inicio', 'El usuario está en el inicio del sistema.'),
(1971, 76, 9, '2024-08-09 06:01:33.000', 'Entró a usuarios', 'Se mostraron los registros de usuarios.'),
(1972, 76, 9, '2024-08-09 06:01:33.000', 'Entró a usuarios', 'Se mostraron los registros de usuarios.'),
(1973, 76, 9, '2024-08-09 06:01:36.000', 'Entró a usuarios', 'Se mostraron los registros de usuarios.'),
(1974, 76, 5, '2024-08-09 06:01:41.000', 'Entró a empleados', 'Se mostraron los registros de los empleados.'),
(1975, 76, 5, '2024-08-09 06:01:41.000', 'Entró a empleados', 'Se mostraron los registros de los empleados.'),
(1977, 76, 2, '2024-08-09 20:37:15.000', 'Inicio sesión', 'El usuario inicio sesión de manera correcta.'),
(1978, 76, 1, '2024-08-09 20:37:15.000', 'Entró a Inicio', 'El usuario está en el inicio del sistema.'),
(1979, 76, 189, '2024-08-09 20:37:27.000', 'Copia de la base de datos', 'Se realizo una copia de la base de datos.'),
(1980, 76, 2, '2024-08-09 21:18:01.000', 'Inicio sesión', 'El usuario inicio sesión de manera correcta.'),
(1981, 76, 1, '2024-08-09 21:18:01.000', 'Entró a Inicio', 'El usuario está en el inicio del sistema.'),
(1982, 76, 2, '2024-08-09 21:35:38.000', 'Inicio sesión', 'El usuario inicio sesión de manera correcta.'),
(1983, 76, 1, '2024-08-09 21:35:38.000', 'Entró a Inicio', 'El usuario está en el inicio del sistema.'),
(1984, 76, 2, '2024-08-09 21:40:39.000', 'Inicio sesión', 'El usuario inicio sesión de manera correcta.'),
(1985, 76, 1, '2024-08-09 21:40:39.000', 'Entró a Inicio', 'El usuario está en el inicio del sistema.'),
(1986, 76, 2, '2024-08-09 21:43:04.000', 'Inicio sesión', 'El usuario inicio sesión de manera correcta.'),
(1987, 76, 1, '2024-08-09 21:43:04.000', 'Entró a Inicio', 'El usuario está en el inicio del sistema.'),
(1988, 76, 189, '2024-08-09 21:43:21.000', 'Copia de la base de datos', 'Se realizo una copia de la base de datos.'),
(1989, 76, 189, '2024-08-09 21:52:09.000', 'Copia de la base de datos', 'Se realizo una copia de la base de datos.'),
(1990, 76, 2, '2024-08-09 22:23:46.000', 'Inicio sesión', 'El usuario inicio sesión de manera correcta.'),
(1991, 76, 1, '2024-08-09 22:23:46.000', 'Entró a Inicio', 'El usuario está en el inicio del sistema.');

CREATE TABLE `tbl_ms_historial_contraseña` (
  `Id_historial_contraseña` int NOT NULL AUTO_INCREMENT,
  `Id_usuario` int NOT NULL,
  `Contraseña_pasada` varchar(45) DEFAULT NULL,
  `Creado_por` varchar(15) NOT NULL,
  `Modificado_por` varchar(15) NOT NULL,
  `Fecha_creacion` datetime NOT NULL,
  `Fecha_modificacion` datetime NOT NULL,
  PRIMARY KEY (`Id_historial_contraseña`),
  KEY `Fk_HistorialContraseña_Usuario_idx` (`Id_usuario`),
  CONSTRAINT `Fk_HistorialContraseña_Usuario` FOREIGN KEY (`Id_usuario`) REFERENCES `tbl_ms_usuario` (`Id_usuario`)
) ENGINE=InnoDB DEFAULT CHARSET=utf8mb4 COLLATE=utf8mb4_0900_ai_ci;

CREATE TABLE `tbl_ms_objeto` (
  `Id_objeto` int NOT NULL AUTO_INCREMENT,
  `Objeto` varchar(100) DEFAULT NULL,
  `descripcion` varchar(300) DEFAULT NULL,
  `Tipo_objeto` varchar(15) DEFAULT NULL,
  `Creado_por` varchar(15) NOT NULL,
  `Fecha_creacion` datetime NOT NULL,
  `Modificado_por` varchar(15) NOT NULL,
  `Fecha_modificacion` datetime NOT NULL,
  PRIMARY KEY (`Id_objeto`)
) ENGINE=InnoDB AUTO_INCREMENT=191 DEFAULT CHARSET=utf8mb4 COLLATE=utf8mb4_0900_ai_ci;

INSERT INTO tbl_ms_objeto (Id_objeto, Objeto, descripcion, Tipo_objeto, Creado_por, Fecha_creacion, Modificado_por, Fecha_modificacion) VALUES
(1, 'Inicio', 'Pantalla donde el usuario tendra la opcion de reidirigirse hacia varios espacio de el aplicativo', 'Pantalla', 'Marilyn  Mejia ', '2024-03-19 00:00:00.000', 'Marilyn  Mejia ', '2024-03-19 00:00:00.000'),
(2, 'Login', 'Pantalla donde el usuario tendra la opcion de ingresar al sistema, permitiendo poner su respectivo usuario y contraseña', 'Pantalla', 'Marilyn  Mejia ', '2024-03-19 00:00:00.000', 'Marilyn  Mejia ', '2024-03-19 00:00:00.000'),
(3, 'Registro', 'El usuario podra registrarse directamente desde el aplicativo ingresando los datos solicitados en dicha pantalla', 'Pantalla', 'Marilyn  Mejia ', '2024-03-19 00:00:00.000', 'Marilyn  Mejia ', '2024-03-19 00:00:00.000'),
(4, 'Recuperacion de contraseña', 'El usuario podra hacer recuperacion de su contraseña y modificacion de la misma mediante esta pantalla y su correo electronico', 'Pantalla', 'Marilyn  Mejia ', '2024-03-19 00:00:00.000', 'Marilyn  Mejia ', '2024-03-19 00:00:00.000'),
(5, 'Administrar empleados', 'Esta pantalla sera la principal para le gestion de empleados, aqui se podra ver los registros de los empleados dentro del aplicativo y tendra atajos para crear, editar o deshabilitar uno de ellos', 'Pantalla', 'Marilyn  Mejia ', '2024-03-19 00:00:00.000', 'Marilyn  Mejia ', '2024-03-19 00:00:00.000'),
(6, 'Crear Empleado', 'En esta pantalla los administradores  podran crear un nuevo registro de empleado con toda los datos generales e importantes de este', 'Pantalla', 'Marilyn  Mejia ', '2024-03-19 00:00:00.000', 'Marilyn  Mejia ', '2024-03-19 00:00:00.000'),
(7, 'Editar Empleado', 'En esta pantalla los administradores  podran  editar un registro de empleado con toda los datos anteriormente recabados', 'Pantalla', 'Marilyn  Mejia ', '2024-03-19 00:00:00.000', 'Marilyn  Mejia ', '2024-03-19 00:00:00.000'),
(8, 'Desactivar Empleado ', 'En esta pantalla los administradores podran desactividar el registro de un empleado si este renuncio o no esta mas en la empresa por alguna razon.', 'Pantalla', 'Marilyn  Mejia ', '2024-03-19 00:00:00.000', 'Marilyn  Mejia ', '2024-03-19 00:00:00.000'),
(9, 'Administrar Usuarios', 'Esta pantalla sera la principal para le gestion de usuarios. Aqui se podra ver los registros de los usuarios dentro del aplicativo y tendra atajos para crear, editar o deshabilitar uno de ellos', 'Pantalla', 'Marilyn  Mejia ', '2024-03-19 00:00:00.000', 'Marilyn  Mejia ', '2024-03-19 00:00:00.000'),
(10, 'Crear usuario', 'En esta pantalla los administradores  podran crear un nuevo registro de usuario con toda los datos generales de este.', 'Pantalla', 'Marilyn  Mejia ', '2024-03-19 00:00:00.000', 'Marilyn  Mejia ', '2024-03-19 00:00:00.000'),
(11, 'Editar Usuario', 'En esta pantalla los administradores  podran  editar un registro de usuario con toda los datos anteriormente recabados', 'Pantalla', 'Marilyn  Mejia ', '2024-03-19 00:00:00.000', 'Marilyn  Mejia ', '2024-03-19 00:00:00.000'),
(12, 'Bitacora', 'Apartado donde se registra cada accion dentro del sistema.', 'Pantalla', 'Marilyn  Mejia ', '2024-03-19 00:00:00.000', 'Marilyn  Mejia ', '2024-03-19 00:00:00.000'),
(13, 'Contratos', 'Esta pantalla sera la principal para le gestion de los contratos de todos los usuario/empleados. Tendra atajos para crear, editar o deshabilitar uno de ellos', 'Pantalla', 'Marilyn  Mejia ', '2024-03-19 00:00:00.000', 'Marilyn  Mejia ', '2024-03-19 00:00:00.000'),
(14, 'Crear Contrato', 'En esta pantalla los administradores  podran crear un nuevo contrato para los empleados registrados del sistema.', 'Pantalla', 'Marilyn  Mejia ', '2024-03-19 00:00:00.000', 'Marilyn  Mejia ', '2024-03-19 00:00:00.000'),
(15, 'Editar Contrato', 'En esta pantalla los administradores  podran editar un contrato de los empleados, previamente creado.', 'Pantalla', 'Marilyn  Mejia ', '2024-03-19 00:00:00.000', 'Marilyn  Mejia ', '2024-03-19 00:00:00.000'),
(16, 'Desactivar Contrato', 'En esta pantalla los administradores  podran desactivar un contrato de los empleados, previamente creado.', 'Pantalla', 'Marilyn  Mejia ', '2024-03-19 00:00:00.000', 'Marilyn  Mejia ', '2024-03-19 00:00:00.000'),
(17, 'Departamentos', 'Esta pantalla sera la principal para le gestion de los departamentos donde pertenece los empleados. Tendra atajos para crear, editar o deshabilitar uno de ellos.', 'Pantalla', 'Marilyn  Mejia ', '2024-03-19 00:00:00.000', 'Marilyn  Mejia ', '2024-03-19 00:00:00.000'),
(18, 'Crear Departamento', 'En esta pantalla los administradores  podran crear un nuevo departamento para los empleados registrados del sistema.', 'Pantalla', 'Marilyn  Mejia ', '2024-04-08 00:00:00.000', 'Marilyn  Mejia ', '2024-04-08 00:00:00.000'),
(142, 'Editar Departamento', 'En esta pantalla los administradores  podran editar las caracteristicas de un departamento, previamente creado.', 'Pantalla', 'Marilyn  Mejia ', '2024-04-08 00:00:00.000', 'Marilyn  Mejia ', '2024-04-08 00:00:00.000'),
(143, 'Desactivar Contrato', 'En esta pantalla los administradores  podran desactivar un departamenro entero, previamente creado.', 'Pantalla', 'Marilyn  Mejia ', '2024-04-08 00:00:00.000', 'Marilyn  Mejia ', '2024-04-08 00:00:00.000'),
(144, 'Buzon de solicitudes', 'Apartado donde el administrador podra hacer el cambio de estado a una solicitud de vacaciones pendiente.', 'Pantalla', 'Marilyn  Mejia ', '2024-04-08 00:00:00.000', 'Marilyn  Mejia ', '2024-04-08 00:00:00.000'),
(145, 'Mis Solicitudes', 'Apartado donde el usuario puede solicitar las vacaciones deseadas.', 'Pantalla', 'Marilyn  Mejia ', '2024-04-08 00:00:00.000', 'Marilyn  Mejia ', '2024-04-08 00:00:00.000'),
(146, 'Acceso al sistema', 'Apartado donde el superUsuario maneja el acceso que tienen los diferentes tipos de usuario dentro del sistema', 'Pantalla', 'Marilyn  Mejia ', '2024-04-08 00:00:00.000', 'Marilyn  Mejia ', '2024-04-08 00:00:00.000'),
(147, 'Parametros de seguridad', 'Aparatdo donde le superUsuario maneja la configuracion de inicio de sesio, cada cuanto cambia contraseña el usuario, entre otros.', 'Pantalla', 'Marilyn  Mejia ', '2024-04-08 00:00:00.000', 'Marilyn  Mejia ', '2024-04-08 00:00:00.000'),
(148, 'Crear Solicitud de vacaciones', 'Apartado donde el usuario solicita los registros de vaca iones deseadas.', 'Pantalla', 'Marilyn  Mejia ', '2024-04-08 00:00:00.000', 'Marilyn  Mejia ', '2024-04-08 00:00:00.000'),
(149, 'Crear permiso', 'Apartado donde el superUsuario maneja el acceso que tienen los diferentes tipos de usuario dentro del sistema', 'Pantalla', 'Marilyn  Mejia ', '2024-04-08 00:00:00.000', 'Marilyn  Mejia ', '2024-04-08 00:00:00.000'),
(150, 'Editar permiso', 'Apartado donde el superUsuario maneja el acceso que tienen los diferentes tipos de usuario dentro del sistema', 'Pantalla', 'Marilyn  Mejia ', '2024-04-08 00:00:00.000', 'Marilyn  Mejia ', '2024-04-08 00:00:00.000'),
(151, 'Genero', 'Apartado donde el superUsuario maneja los generos que maneja la empresa dentro del sistema', 'Pantalla', 'Marilyn  Mejia ', '2024-04-17 17:40:19.000', 'Marilyn  Mejia ', '2024-04-17 17:40:19.000'),
(152, 'Crear genero', 'Apartado donde se ingresa otro tipo de genero', 'Pantalla', 'Marilyn  Mejia ', '2024-04-17 17:40:19.000', 'Marilyn  Mejia ', '2024-04-17 17:40:19.000'),
(153, 'Editar genero', 'Apartado donde se edita un tipo de genero ya creado.', 'Pantalla', 'Marilyn  Mejia ', '2024-04-17 17:40:19.000', 'Marilyn  Mejia ', '2024-04-17 17:40:19.000'),
(154, 'Estado civil', 'Apartado donde el superUsuario maneja los estados civiles que maneja la empresa dentro del sistema', 'Pantalla', 'Marilyn  Mejia ', '2024-04-17 17:40:19.000', 'Marilyn  Mejia ', '2024-04-17 17:40:19.000'),
(155, 'Crear estado civil', 'Apartado donde se ingresa otro tipo de estado civil', 'Pantalla', 'Marilyn  Mejia ', '2024-04-17 17:40:19.000', 'Marilyn  Mejia ', '2024-04-17 17:40:19.000'),
(156, 'Editar estado civil', 'Apartado donde se edita un tipo de estado civil ya creado.', 'Pantalla', 'Marilyn  Mejia ', '2024-04-17 17:40:19.000', 'Marilyn  Mejia ', '2024-04-17 17:40:19.000'),
(157, 'Tipo telefono', 'Apartado donde el superUsuario maneja los tipos de telefono que maneja la empresa dentro del sistema', 'Pantalla', 'Marilyn  Mejia ', '2024-04-17 17:40:19.000', 'Marilyn  Mejia ', '2024-04-17 17:40:19.000'),
(158, 'Crear tipo telefono', 'Apartado donde se ingresa otro tipo de telefono', 'Pantalla', 'Marilyn  Mejia ', '2024-04-17 17:40:19.000', 'Marilyn  Mejia ', '2024-04-17 17:40:19.000'),
(159, 'Editar tipo telefono', 'Apartado donde se edita un tipo de estado civil ya creado.', 'Pantalla', 'Marilyn  Mejia ', '2024-04-17 17:40:19.000', 'Marilyn  Mejia ', '2024-04-17 17:40:19.000'),
(160, 'Administrar puestos', 'Apartado donde el superUsuario maneja los puestos que maneja la empresa dentro del sistema', 'Pantalla', 'Marilyn  Mejia ', '2024-04-24 04:43:26.000', 'Marilyn  Mejia ', '2024-04-24 04:43:26.000'),
(161, 'Crear puesto', 'Apartado donde se ingresa un nuevo puesto', 'Pantalla', 'Marilyn  Mejia ', '2024-04-24 04:43:26.000', 'Marilyn  Mejia ', '2024-04-24 04:43:26.000'),
(162, 'Editar puesto', 'Apartado donde se edita un registro de puesto ya creado.', 'Pantalla', 'Marilyn  Mejia ', '2024-04-24 04:43:26.000', 'Marilyn  Mejia ', '2024-04-24 04:43:26.000'),
(163, 'Area', 'Apartado donde el superUsuario maneja las areas que maneja la empresa dentro del sistema', 'Pantalla', 'Marilyn  Mejia ', '2024-04-24 04:43:26.000', 'Marilyn  Mejia ', '2024-04-24 04:43:26.000'),
(164, 'Crear area', 'Apartado donde se ingresa otra area ', 'Pantalla', 'Marilyn  Mejia ', '2024-04-24 04:43:26.000', 'Marilyn  Mejia ', '2024-04-24 04:43:26.000'),
(165, 'Editar area', 'Apartado donde se edita un registro de area ya creado.', 'Pantalla', 'Marilyn  Mejia ', '2024-04-24 04:43:26.000', 'Marilyn  Mejia ', '2024-04-24 04:43:26.000'),
(166, 'Estado', 'Apartado donde el superUsuario maneja los estados/modos que maneja la empresa dentro del sistema', 'Pantalla', 'Marilyn  Mejia ', '2024-04-24 04:43:26.000', 'Marilyn  Mejia ', '2024-04-24 04:43:26.000'),
(167, 'Crear estado', 'Apartado donde se ingresa otro estado', 'Pantalla', 'Marilyn  Mejia ', '2024-04-24 04:43:26.000', 'Marilyn  Mejia ', '2024-04-24 04:43:26.000'),
(168, 'Editar estado', 'Apartado donde se edita un registro de un estado ya creado.', 'Pantalla', 'Marilyn  Mejia ', '2024-04-24 04:43:26.000', 'Marilyn  Mejia ', '2024-04-24 04:43:26.000'),
(169, 'Roles', 'Apartado donde el superUsuario maneja las roles que maneja la empresa dentro del sistema', 'Pantalla', 'Marilyn  Mejia ', '2024-04-24 04:43:26.000', 'Marilyn  Mejia ', '2024-04-24 04:43:26.000'),
(170, 'Crear rol', 'Apartado donde se ingresa otro rol.', 'Pantalla', 'Marilyn  Mejia ', '2024-04-24 04:43:26.000', 'Marilyn  Mejia ', '2024-04-24 04:43:26.000'),
(171, 'Editar rol', 'Apartado donde se edita un registro de rol ya creado.', 'Pantalla', 'Marilyn  Mejia ', '2024-04-24 04:43:26.000', 'Marilyn  Mejia ', '2024-04-24 04:43:26.000'),
(172, 'Perfil de Usuario', 'Apartado donde se puede visualizar información resumida del usuario.', 'Pantalla', 'Marilyn  Mejia ', '2024-04-24 04:43:26.000', 'Marilyn  Mejia ', '2024-04-24 04:43:26.000'),
(173, 'Reporte Usuario', 'Apartado donde se visualiza la informacion del mantenimiento usuario.', 'Pantalla', 'Marilyn  Mejia ', '2024-08-04 17:29:13.000', 'Marilyn  Mejia ', '2024-08-04 17:29:13.000'),
(174, 'Reporte Empleado', 'Apartado donde se visualiza la informacion del mantenimiento empleado.', 'Pantalla', 'Marilyn Mejia', '2024-08-04 18:39:53.000', 'Marilyn Mejia', '2024-08-04 18:39:53.000'),
(175, 'Reporte Contrato', 'Apartado donde se visualiza la informacion del mantenimiento contrato.', 'Pantalla', 'Marilyn Mejia', '2024-08-04 18:39:53.000', 'Marilyn Mejia', '2024-08-04 18:39:53.000'),
(176, 'Reporte Departamentos', 'Apartado donde se visualiza la informacion del mantenimiento departamentos.', 'Pantalla', 'Marilyn Mejia', '2024-08-04 18:39:53.000', 'Marilyn Mejia', '2024-08-04 18:39:53.000'),
(177, 'Reporte Area', 'Apartado donde se visualiza la informacion del mantenimiento areas.', 'Pantalla', 'Marilyn Mejia', '2024-08-04 18:39:53.000', 'Marilyn Mejia', '2024-08-04 18:39:53.000'),
(178, 'Reporte Genero', 'Apartado donde se visualiza la informacion del mantenimiento genero.', 'Pantalla', 'Marilyn Mejia', '2024-08-04 18:39:53.000', 'Marilyn Mejia', '2024-08-04 18:39:53.000'),
(179, 'Reporte Estado Civil', 'Apartado donde se visualiza la informacion del mantenimiento estado civil.', 'Pantalla', 'Marilyn Mejia', '2024-08-04 18:39:53.000', 'Marilyn Mejia', '2024-08-04 18:39:53.000'),
(180, 'Reporte Puestos', 'Apartado donde se visualiza la informacion del mantenimiento puesto.', 'Pantalla', 'Marilyn Mejia', '2024-08-04 18:39:53.000', 'Marilyn Mejia', '2024-08-04 18:39:53.000'),
(181, 'Reporte Tipo Telefono', 'Apartado donde se visualiza la informacion del mantenimiento tipo contrato.', 'Pantalla', 'Marilyn Mejia', '2024-08-04 18:39:53.000', 'Marilyn Mejia', '2024-08-04 18:39:53.000'),
(182, 'Reporte Estado', 'Apartado donde se visualiza la informacion del mantenimiento estados.', 'Pantalla', 'Marilyn Mejia', '2024-08-04 18:39:53.000', 'Marilyn Mejia', '2024-08-04 18:39:53.000'),
(183, 'Reporte Mis Solicitudes', 'Apartado donde se visualiza la informacion del mantenimiento mis solicitudes.', 'Pantalla', 'Marilyn Mejia', '2024-08-04 18:39:53.000', 'Marilyn Mejia', '2024-08-04 18:39:53.000'),
(184, 'Reporte Parametro', 'Apartado donde se visualiza la informacion del mantenimiento parametro.', 'Pantalla', 'Marilyn Mejia', '2024-08-04 18:39:53.000', 'Marilyn Mejia', '2024-08-04 18:39:53.000'),
(185, 'Reporte Roles', 'Apartado donde se visualiza la informacion del mantenimiento roles.', 'Pantalla', 'Marilyn Mejia', '2024-08-04 18:39:53.000', 'Marilyn Mejia', '2024-08-04 18:39:53.000'),
(186, 'Reporte acceso al sistema', 'Apartado donde se visualiza la informacion del mantenimiento acceso al sistema.', 'Pantalla', 'Marilyn Mejia', '2024-08-04 18:39:53.000', 'Marilyn Mejia', '2024-08-04 18:39:53.000'),
(187, 'Reporte AdminSolicitudes', 'Apartado donde se visualiza la informacion del mantenimiento buzon de solicitudes.', 'Pantalla', 'Marilyn Mejia', '2024-08-04 19:10:49.000', 'Marilyn Mejia', '2024-08-04 19:10:49.000'),
(188, 'Copia y restauración de base de datos', 'Apartado donde se visualiza las opciones para poder realizar una copia y restauración de base de datos.', 'Pantalla', 'Marilyn Mejia', '2024-08-04 19:10:49.000', 'Marilyn Mejia', '2024-08-04 19:10:49.000'),
(189, 'Copia de base de de datos', 'En esta pantalla los administradores  podran crear copias de seguridad de la base de datos.', 'Pantalla', 'Marilyn Mejia', '2024-08-04 19:10:49.000', 'Marilyn Mejia', '2024-08-04 19:10:49.000'),
(190, 'Restauración de base de datos', 'En esta pantalla los administradores  podran restaurar una base de datos.', 'Pantalla', 'Marilyn Mejia', '2024-08-04 19:10:49.000', 'Marilyn Mejia', '2024-08-04 19:10:49.000');

CREATE TABLE `tbl_ms_parametro` (
  `Id_parametro` int NOT NULL AUTO_INCREMENT,
  `Id_usuario` int NOT NULL,
  `Parametro` varchar(50) DEFAULT NULL,
  `Valor` varchar(100) DEFAULT NULL,
  `Fecha_creacion` datetime NOT NULL,
  `Creado_por` varchar(15) NOT NULL,
  `Fecha_modificacion` datetime NOT NULL,
  `Modificado_por` varchar(15) NOT NULL,
  PRIMARY KEY (`Id_parametro`),
  KEY `FK_parametro_usuario_idx` (`Id_usuario`),
  CONSTRAINT `FK_parametro_usuario` FOREIGN KEY (`Id_usuario`) REFERENCES `tbl_ms_usuario` (`Id_usuario`)
) ENGINE=InnoDB AUTO_INCREMENT=4 DEFAULT CHARSET=utf8mb4 COLLATE=utf8mb4_0900_ai_ci;

INSERT INTO tbl_ms_parametro (Id_parametro, Id_usuario, Parametro, Valor, Fecha_creacion, Creado_por, Fecha_modificacion, Modificado_por) VALUES
(1, 1, 'ADMIN_INTENTOS', '3', '2024-04-17 09:14:41.000', 'Claudia Garcia', '2024-04-17 09:14:41.000', 'Claudia Garcia'),
(2, 58, 'ADMIN_VIGENCIA', '30', '2024-04-17 16:24:59.000', 'ROCKETMIND', '2024-04-17 16:24:59.000', 'ROCKETMIND'),
(3, 1, 'SYS_NOMBRE', 'CONSISA', '2024-04-17 16:24:59.000', 'ROCKETMIND', '2024-07-31 21:24:10.000', 'ROCKETMIND');

CREATE TABLE `tbl_ms_permiso` (
  `Id_objeto` int NOT NULL,
  `Id_Rol` int NOT NULL,
  `Permiso_insercion` varchar(1) DEFAULT NULL,
  `Permiso_eliminacion` varchar(1) DEFAULT NULL,
  `Permiso_actualizacion` varchar(1) DEFAULT NULL,
  `Permiso_consultar` varchar(1) DEFAULT NULL,
  `Creado_por` varchar(15) NOT NULL,
  `Fecha_creacion` datetime NOT NULL,
  `Modificado_por` varchar(15) NOT NULL,
  `Fecha_modificacion` datetime NOT NULL,
  KEY `FK_Permiso_objeto_idx` (`Id_objeto`),
  KEY `FK_permiso_rol_idx` (`Id_Rol`),
  CONSTRAINT `FK_Permiso_objeto` FOREIGN KEY (`Id_objeto`) REFERENCES `tbl_ms_objeto` (`Id_objeto`),
  CONSTRAINT `FK_permiso_rol` FOREIGN KEY (`Id_Rol`) REFERENCES `tbl_ms_rol` (`Id_Rol`)
) ENGINE=InnoDB DEFAULT CHARSET=utf8mb4 COLLATE=utf8mb4_0900_ai_ci;

INSERT INTO tbl_ms_permiso (Id_objeto, Id_Rol, Permiso_insercion, Permiso_eliminacion, Permiso_actualizacion, Permiso_consultar, Creado_por, Fecha_creacion, Modificado_por, Fecha_modificacion) VALUES
(146, 8, '1', '1', '1', '1', 'Marilyn Mejia', '2024-04-09 00:00:00.000', 'ROCKETMIND', '2024-04-24 04:38:31.000'),
(145, 1, '1', '1', '1', '1', 'Marilyn Mejia', '2024-04-09 00:00:00.000', 'ROCKETMIND', '2024-04-20 21:25:11.000'),
(2, 1, '1', '1', '1', '1', '', '2024-04-09 00:00:00.000', 'ROCKETMIND', '2024-04-20 21:23:54.000'),
(1, 7, '1', '1', '1', '1', 'MARY', '2024-04-09 00:00:00.000', 'EDUARDITO', '2024-04-15 22:46:12.000'),
(146, 5, '1', '1', '1', '1', 'MARY', '2024-04-09 00:00:00.000', 'ROCKETMIND', '2024-04-20 20:38:39.000'),
(147, 4, '1', '1', '1', '1', '', '2024-04-09 00:00:00.000', 'ROCKETMIND', '2024-04-20 20:02:49.000'),
(9, 2, '1', '0', '0', '0', 'ROCKETMIND', '2024-04-24 03:42:58.000', 'ROCKETMIND', '2024-04-24 04:05:58.000'),
(5, 6, '1', '1', '1', '1', 'ROCKETMIND', '2024-04-24 04:39:17.000', 'ROCKETMIND', '2024-04-24 04:39:17.000'),
(9, 6, '1', '1', '1', '1', 'ROCKETMIND', '2024-04-24 04:39:34.000', 'ROCKETMIND', '2024-04-24 04:39:34.000'),
(160, 7, '0', '1', '1', '1', 'ROCKETMIND', '2024-04-24 04:45:58.000', 'ROCKETMIND', '2024-04-24 04:45:58.000');

CREATE TABLE `tbl_ms_rol` (
  `Id_Rol` int NOT NULL AUTO_INCREMENT,
  `Rol` varchar(30) DEFAULT NULL,
  `Descripcion` varchar(300) DEFAULT NULL,
  `Creado_por` varchar(15) NOT NULL,
  `Fecha_creacion` datetime NOT NULL,
  `Modificado_por` varchar(15) NOT NULL,
  `Fecha_modificacion` datetime NOT NULL,
  PRIMARY KEY (`Id_Rol`)
) ENGINE=InnoDB AUTO_INCREMENT=9 DEFAULT CHARSET=utf8mb4 COLLATE=utf8mb4_0900_ai_ci;

INSERT INTO tbl_ms_rol (Id_Rol, Rol, Descripcion, Creado_por, Fecha_creacion, Modificado_por, Fecha_modificacion) VALUES
(1, 'Usuario', 'Privilegios limitados, solo interactua con ciertas acciones del aplicativo', 'Marilyn Mejia', '2024-03-03 00:00:00.000', 'Marilyn Mejia', '2024-03-03 00:00:00.000'),
(2, 'Supervisor', 'Puede validar las solicitudes de vacaciones del usuario', 'Marilyn Mejia', '2024-03-03 00:00:00.000', 'Marilyn Mejia', '2024-03-03 00:00:00.000'),
(4, 'RR.HH', 'Accede a todas las acciones del aplicativo, creando subadministradores', 'Marilyn Mejia', '2024-03-03 00:00:00.000', 'Marilyn Mejia', '2024-03-03 00:00:00.000'),
(5, 'Seguridad', 'Define los permisos que controlan qué acciones puede realizar un usuario dentro del sistema', 'Marilyn Mejia', '2024-03-19 00:00:00.000', 'Marilyn Mejia', '2024-03-19 00:00:00.000'),
(6, 'Gerente', 'Usuario creado directametne en el autoregistro,en espera de un rol especifico.', 'Marilyn Mejia', '2024-03-19 00:00:00.000', 'Marilyn Mejia', '2024-03-19 00:00:00.000'),
(7, 'Administrador ', 'Accede a todas las acciones del aplicativo propias de recursos humanos.', 'Marilyn Mejia', '2024-03-19 00:00:00.000', 'Marilyn Mejia', '2024-03-19 00:00:00.000'),
(8, 'SuperAdmin', 'Acceso a todas las acciones del sistema', 'Marilyn Mejia', '2024-03-19 00:00:00.000', 'Marilyn Mejia', '2024-03-19 00:00:00.000');

CREATE TABLE `tbl_ms_usuario` (
  `Id_usuario` int NOT NULL AUTO_INCREMENT,
  `Id_Rol` int NOT NULL,
  `Id_Puesto` int NOT NULL,
  `Id_Empleado` int NOT NULL,
  `Usuario` varchar(15) NOT NULL,
  `Nombre_Completo_Usuario` varchar(40) NOT NULL,
  `Contraseña` varchar(300) NOT NULL,
  `Primer_ingreso` datetime DEFAULT NULL,
  `Fecha_ultima_conexion` datetime DEFAULT NULL,
  `Correo_electronico` varchar(50) NOT NULL,
  `Fecha_vencimiento` datetime DEFAULT NULL,
  `Creado_por` varchar(15) NOT NULL,
  `Modificado_por` varchar(15) NOT NULL,
  `Fecha_creacion` datetime NOT NULL,
  `Fecha_modificacion` datetime NOT NULL,
  `Id_delegado` int DEFAULT NULL,
  PRIMARY KEY (`Id_usuario`),
  KEY `FK_usuario_rol_idx` (`Id_Rol`),
  KEY `Fk_usuario_puesto_idx` (`Id_Puesto`),
  KEY `FK_usuario_empleado_idx` (`Id_Empleado`),
  CONSTRAINT `FK_usuario_empleado` FOREIGN KEY (`Id_Empleado`) REFERENCES `tbl_empleado` (`Id_Empleado`),
  CONSTRAINT `FK_usuario_puesto` FOREIGN KEY (`Id_Puesto`) REFERENCES `tbl_puesto` (`Id_Puesto`),
  CONSTRAINT `FK_usuario_rol` FOREIGN KEY (`Id_Rol`) REFERENCES `tbl_ms_rol` (`Id_Rol`)
) ENGINE=InnoDB AUTO_INCREMENT=102 DEFAULT CHARSET=utf8mb4 COLLATE=utf8mb4_0900_ai_ci;

INSERT INTO tbl_ms_usuario (Id_usuario, Id_Rol, Id_Puesto, Id_Empleado, Usuario, Nombre_Completo_Usuario, Contraseña, Primer_ingreso, Fecha_ultima_conexion, Correo_electronico, Fecha_vencimiento, Creado_por, Modificado_por, Fecha_creacion, Fecha_modificacion, Id_delegado) VALUES
(1, 2, 2, 1, 'MARILYNYAMILETH', 'Marilyn Yamileth Mejia Aguilar', '213232323', '2024-03-03 00:00:00.000', '2024-03-03 00:00:00.000', 'mymejiaa@gmail.com', '2024-04-03 00:00:00.000', 'Marilyn Mejia', 'Marilyn Mejia', '2024-03-03 00:00:00.000', '2024-03-03 00:00:00.000', NULL),
(39, 5, 1, 1, 'MARIA', 'Maria Carmina Mejia', '00ytASASASASASAS', NULL, NULL, 'mariagmail.com', '2024-02-12 00:00:00.000', 'Marilyn Mejia', 'Marilyn Mejia', '2024-03-16 00:00:00.000', '2024-03-16 00:00:00.000', NULL),
(40, 1, 3, 1, 'MARIA', 'Maria Carmina Mejia', '00ytASASASASASAS', NULL, NULL, 'mariagmail.com', '2024-02-12 00:00:00.000', 'Marilyn Mejia', 'Marilyn Mejia', '2024-03-16 00:00:00.000', '2024-03-16 00:00:00.000', NULL),
(58, 1, 1, 1, 'MARY', 'Mary mejia', '$2b$10$bGWKtveClmcuGkYKfEAiNeSsrVqPkNwJSj0xc3tR.k3zece1KjdS.', NULL, NULL, 'Mary@gmail.com', '2024-02-12 00:00:00.000', 'Marilyn Mejia', 'Marilyn Mejia', '2024-03-16 00:00:00.000', '2024-03-16 00:00:00.000', NULL),
(68, 1, 2, 1, 'DAN1EL19', 'JOSUE DANIEL BACA PINEDA', '$2b$10$uUvKQcuXNAUXSJZh5/IVxOVNLodbGm0r/bSlRR5OlurP1SaStUOGu', NULL, NULL, 'danielpineds16@gmail.com', '2024-02-12 00:00:00.000', 'Marilyn Mejia', 'Marilyn Mejia', '2024-04-14 00:00:00.000', '2024-04-14 00:00:00.000', NULL),
(69, 1, 2, 1, 'DANIELPINEDA90', 'JOSUE DANIEL BACA PINEDA', '$2b$10$tyrXoCyZJu58LfoZvx.CW.f06UjAMhsuIEsNhpJg8zehu050k2TGa', NULL, NULL, 'danielpineds16@gmail.com', '2024-02-12 00:00:00.000', 'Marilyn Mejia', 'Marilyn Mejia', '2024-04-14 00:00:00.000', '2024-04-14 00:00:00.000', NULL),
(70, 4, 3, 1, 'D4NP1N3D4198', 'DANIEL PINEDA', '$2b$10$zgjHLqsbeL9xDF0AWRcJQ.8rUbH4909yoMKUW2DFLPYe/m5ZElshC', NULL, NULL, 'danielpineds16@gmail.com', '2024-02-12 00:00:00.000', 'Marilyn Mejia', 'Marilyn Mejia', '2024-04-14 00:00:00.000', '2024-04-14 00:00:00.000', NULL),
(71, 5, 3, 1, 'ELAN89', 'ELAN DANIEL ROMERO', '$2b$10$hWnmksg..Pa2coPOq/nxy.qp0m7WfYR/R4ivd3TRRxT.IN0qRW3Nq', NULL, NULL, 'elanbb@gmail.com', '2024-02-12 00:00:00.000', 'Marilyn Mejia', 'Marilyn Mejia', '2024-04-14 00:00:00.000', '2024-04-14 00:00:00.000', NULL),
(72, 2, 2, 1, 'DANIEL9819', 'JOSUE DANIEL BACA PINEDA', '-Dan1el19', NULL, NULL, 'danielpineds16@gmail.com', '2024-02-12 00:00:00.000', 'Marilyn Mejia', 'Marilyn Mejia', '2024-02-12 00:00:00.000', '2024-02-12 00:00:00.000', NULL),
(73, 2, 2, 1, 'ELAN109', 'ELAN DANIEL ROMERO', '$2b$10$nC6j4TR431FX2KDWSaMQ4eqSCToy/kw.7NE2jZ0OHEW4SxLvUWw0y', NULL, NULL, 'elanbb@gmail.com', '2024-02-12 00:00:00.000', 'Marilyn Mejia', 'Marilyn Mejia', '2024-04-14 00:00:00.000', '2024-04-14 00:00:00.000', NULL),
(74, 2, 8, 3, 'PRUEB', 'Marilyn Mejia', '$2b$10$vXvb52dcHLspE4IG0Ps72OUniUyZsgn1ivcHdNnkuIO40LQVCD9yq', '2024-08-08 20:13:36.000', NULL, 'marilynyamilethmejia@gmail.com', '2024-02-12 00:00:00.000', 'Marilyn Mejia', 'Marilyn Mejia', '2024-03-16 00:00:00.000', '2024-03-16 00:00:00.000', NULL),
(75, 5, 2, 4, 'EDUARDITO', 'EDUARDO MATAMOROS', '$2b$10$fw50eVrGHG6GmrD8/myIDul0rHGETum6cRY8XXoJHqaqfdWWYnmtW', NULL, NULL, 'eduardo@gmail.com', '2024-02-12 00:00:00.000', 'EDUARDITO', 'EDUARDITO', '2024-04-15 21:57:06.000', '2024-04-15 21:57:06.000', NULL),
(76, 8, 7, 1, 'ROCKETMIND', 'ROCKETMIND', '$2b$10$zgjHLqsbeL9xDF0AWRcJQ.8rUbH4909yoMKUW2DFLPYe/m5ZElshC', '2024-04-19 16:22:28.000', '2024-08-09 16:23:42.000', 'ROCKETMIND@gmail.com', '2024-02-12 00:00:00.000', 'Marilyn Mejia', 'Marilyn Mejia', '2024-03-16 00:00:00.000', '2024-03-16 00:00:00.000', 95),
(89, 4, 8, 4, 'EUDA', 'EDUARDO  MATAMOROS', '$2b$2b$10$zgjHLqsbeL9xDF0AWRcJQ.8rUbH4909yoMKUW2DFLPYe/m5ZElshC', '2024-04-21 12:28:50.000', '2024-05-14 15:35:18.000', 'danielpineds16@gmail.com', '2024-02-12 00:00:00.000', 'EUDA', 'EUDA', '2024-04-21 12:28:27.000', '2024-04-21 12:28:27.000', NULL),
(90, 2, 8, 3, 'MARILINDA', 'Maria  Mejia', '$2b$10$LfobZaNTF/B0wcFlu1tH9OaiJrXPj0FNCe8AxIRZkcOm0WtNFQupi', '2024-04-21 12:30:54.000', '2024-04-28 17:48:26.000', 'danielpineds16@gmail.com', '2024-02-12 00:00:00.000', 'MARILINDA', 'MARILINDA', '2024-04-21 12:30:36.000', '2024-04-21 12:30:36.000', NULL),
(91, 6, 1, 2, 'ELANBB', 'Elan David', '$2b$10$c4P6JJxnDdQQpr9V8mL.g.dMGujX1mrm0bMYGptl.oH/qCcKDeBSC', '2024-04-21 12:33:44.000', NULL, 'danielpineds16@gmail.com', '2024-02-12 00:00:00.000', 'ELANBB', 'ELANBB', '2024-04-21 12:33:29.000', '2024-04-21 12:33:29.000', NULL),
(92, 2, 2, 5, 'ISAACDD', 'ISAAC DIAZ', '$2b$10$BX22XMc17o57csu0/VEOTO.urpD/ypUtyrlXmveQ0bWSDweBpV/8O', '2024-04-21 13:03:42.000', NULL, 'kjoelh162003@gmail.com', '2024-02-12 00:00:00.000', 'ISAACDD', 'ISAACDD', '2024-04-21 13:02:33.000', '2024-04-21 13:02:33.000', NULL),
(93, 1, 7, 6, 'RICMAD', 'RICARDO MADURO', '$2b$10$zp4CaFZe9BKb/9d7hX0cJeAqlyDNNfYao8ZyPPArGUKRY6Vn.1fhG', '2024-04-21 13:37:30.000', NULL, 'kjoelh162003@gmail.com', '2024-02-12 00:00:00.000', 'RICMAD', 'RICMAD', '2024-04-21 13:36:55.000', '2024-04-21 13:36:55.000', NULL),
(94, 2, 8, 7, 'IVONNALEDI', ' IVONNE ALEJANDRA AMADOR DIAZ', '$2b$10$t3CfPM303Rkfven.fhCDY.Oi6C5sRe7lpkwMQ0okhCkDb4SpGxfWG', '2024-04-21 21:23:24.000', NULL, 'kjoelh162003@gmail.com', '2024-02-12 00:00:00.000', 'IVONNALEDI', 'IVONNALEDI', '2024-04-21 21:22:46.000', '2024-04-21 21:22:46.000', NULL),
(95, 1, 9, 8, 'KJOELHD', 'KEVIN JOEL HERNANDEZ DIAZ', '$2b$10$EsKy9UwoA2ms36eW7q29Mu7pTFw7Ct8pMOYgMjCAXms0rUQ2fedpW', '2024-04-21 21:28:28.000', NULL, 'kjoelh162003@gmail.com', '2024-02-12 00:00:00.000', 'KJOELHD', 'KJOELHD', '2024-04-21 21:27:57.000', '2024-04-21 21:27:57.000', NULL),
(101, 1, 11, 9, 'ERIKA', 'ERIKA WILLIAM', '$2b$10$GhJGm382SvA9N0YGAyOs1uzmqPztiQYv8ipaEmbM1c5HM7ompf9yG', '2024-05-14 16:39:24.000', '2024-05-14 16:41:06.000', 'marilynyamilethmejia@gmail.com', '2024-02-12 00:00:00.000', 'ROCKETMIND', 'ROCKETMIND', '2024-05-14 16:34:31.000', '2024-05-14 16:34:31.000', NULL);

CREATE TABLE `tbl_puesto` (
  `Id_Puesto` int NOT NULL AUTO_INCREMENT,
  `Nombre_puesto` varchar(50) NOT NULL,
  `Salario_inicial` decimal(10,0) DEFAULT NULL,
  `Techo_salario` decimal(10,0) DEFAULT NULL,
  `Requisitos_puesto` varchar(100) NOT NULL,
  `Descripcion_puesto` varchar(100) NOT NULL,
  `Creado_por` varchar(15) NOT NULL,
  `Modificado_por` varchar(15) NOT NULL,
  `Fecha_creacion` datetime NOT NULL,
  `Fecha_modificacion` datetime NOT NULL,
  `Id_Jefe` int DEFAULT NULL,
  PRIMARY KEY (`Id_Puesto`)
) ENGINE=InnoDB AUTO_INCREMENT=13 DEFAULT CHARSET=utf8mb4 COLLATE=utf8mb4_0900_ai_ci;

INSERT INTO tbl_puesto (Id_Puesto, Nombre_puesto, Salario_inicial, Techo_salario, Requisitos_puesto, Descripcion_puesto, Creado_por, Modificado_por, Fecha_creacion, Fecha_modificacion, Id_Jefe) VALUES
(1, 'Nuevo', '20000', '10000', 'Licenciatura en Ciencias de la Computación o un campo relacionado.', 'Crea y mantiene aplicaciones de software.', 'Marilyn Mejia', 'Marilyn Mejia', '2024-03-03 00:00:00.000', '2024-03-03 00:00:00.000', NULL),
(2, 'Ingeniero de redes', '20000', '10000', 'Licenciatura en Ingeniería de Redes o un campo relacionado.', ' Diseña, instala y mantiene redes informáticas.', 'Marilyn Mejia', 'Marilyn Mejia', '2024-03-03 00:00:00.000', '2024-03-03 00:00:00.000', NULL),
(3, 'Analista de seguridad de la información', '25000', '10000', 'Licenciatura en Seguridad de la Información o un campo relacionado.', 'Protege los sistemas informáticos de amenazas y vulnerabilidades.', 'Marilyn Mejia', 'Marilyn Mejia', '2024-03-03 00:00:00.000', '2024-03-03 00:00:00.000', NULL),
(7, 'JUNNIOR CHOLUTECA', '10000', '15000', 'LICENCIATURA EN INFORMATICA', 'PROGRAMADOR JUNNIOR', 'ROCKETMIND', 'ROCKETMIND', '2024-04-21 13:35:27.000', '2024-04-21 13:35:27.000', NULL),
(8, 'SUPERVISOR DE TI', '10000', '20000', 'LICENCIATURA EN INFORMATICA', 'SUPERVISARA A LOS PROGRAMADORES SENIOR Y JUNNIOR', 'ROCKETMIND', 'ROCKETMIND', '2024-04-21 21:21:41.000', '2024-04-21 21:21:41.000', NULL),
(9, 'SENIOR TEGUCIGALPA', '10000', '18000', 'LICENCIATURA EN INFORMATICA', 'PROGRAMADOR SENIOR', 'ROCKETMIND', 'ROCKETMIND', '2024-04-21 21:26:20.000', '2024-04-21 21:26:20.000', 8),
(10, 'JUNNIOR TEGUS', '10000', '15000', 'LICENCIATURA EN INFORMATICA', 'PROGRAMADOR JUNNIOR', 'ROCKETMIND', 'ROCKETMIND', '2024-04-23 04:01:02.000', '2024-04-23 04:01:02.000', 8),
(11, 'JUNNIOR TE', '10000', '15000', 'LICENCIATURA EN INFORMATICA', 'PROGRAMADOR JUNNIOR', 'ROCKETMIND', 'ROCKETMIND', '2024-04-23 04:41:05.000', '2024-04-23 04:41:05.000', 8),
(12, 'BLA', '100000', '10000', 'WEWW', 'SDSDD', 'ROCKETMIND', 'ROCKETMIND', '2024-08-08 20:23:51.000', '2024-08-08 20:23:51.000', 7);

CREATE TABLE `tbl_puesto_departamento` (
  `Id_departamento` int NOT NULL,
  `Id_puesto` int NOT NULL,
  `Id_area` int NOT NULL,
  `Creado_por` varchar(15) NOT NULL,
  `Modificado_por` varchar(15) NOT NULL,
  `Fecha_creacion` datetime NOT NULL,
  `Fecha_modificacion` datetime NOT NULL,
  PRIMARY KEY (`Id_departamento`,`Id_puesto`,`Id_area`),
  KEY `FK_puesto/departamento_Puesto_idx` (`Id_puesto`),
  KEY `FK_puesto/departamento_Area_idx` (`Id_area`),
  CONSTRAINT `FK_puesto/departamento_Area` FOREIGN KEY (`Id_area`) REFERENCES `tbl_area` (`Id_area`),
  CONSTRAINT `FK_puesto/departamento_departamento ` FOREIGN KEY (`Id_departamento`) REFERENCES `tbl_departamento` (`Id_departamento`),
  CONSTRAINT `FK_puesto/departamento_Puesto` FOREIGN KEY (`Id_puesto`) REFERENCES `tbl_puesto` (`Id_Puesto`)
) ENGINE=InnoDB DEFAULT CHARSET=utf8mb4 COLLATE=utf8mb4_0900_ai_ci;

INSERT INTO tbl_puesto_departamento (Id_departamento, Id_puesto, Id_area, Creado_por, Modificado_por, Fecha_creacion, Fecha_modificacion) VALUES
(2, 8, 1, 'ROCKETMIND', 'ROCKETMIND', '2024-04-21 21:21:41.000', '2024-04-21 21:21:41.000'),
(2, 9, 1, 'ROCKETMIND', 'ROCKETMIND', '2024-04-21 21:26:20.000', '2024-04-21 21:26:20.000'),
(2, 10, 1, 'ROCKETMIND', 'ROCKETMIND', '2024-04-23 04:01:02.000', '2024-04-23 04:01:02.000'),
(2, 11, 1, 'ROCKETMIND', 'ROCKETMIND', '2024-04-23 04:41:06.000', '2024-04-23 04:41:06.000'),
(2, 12, 1, 'ROCKETMIND', 'ROCKETMIND', '2024-08-08 20:23:51.000', '2024-08-08 20:23:51.000'),
(3, 7, 1, 'ROCKETMIND', 'ROCKETMIND', '2024-04-21 13:35:27.000', '2024-04-21 13:35:27.000');

CREATE TABLE `tbl_solicitud` (
  `Id_Solicitud` int NOT NULL AUTO_INCREMENT,
  `Id_Estado_Solicitud` int NOT NULL,
  `Id_Empleado` int NOT NULL,
  `Id_Tipo_Solicitud` int NOT NULL,
  `Fecha_Inicio_Vacaciones` date DEFAULT NULL,
  `Fecha_Final_Vacaciones` date DEFAULT NULL,
  `Hora_Inicio_Vacaciones` time DEFAULT NULL,
  `Hora_Final_Vacaciones` time DEFAULT NULL,
  `Fecha_Retorno_Vacaciones` date DEFAULT NULL,
  `Tiempo_Parcial` tinyint DEFAULT NULL,
  `Fecha_solicitud` date DEFAULT NULL,
  `Observaciones` varchar(45) DEFAULT NULL,
  `Creado_por` varchar(15) NOT NULL,
  `Modificado_por` varchar(15) NOT NULL,
  `Fecha_creacion` datetime NOT NULL,
  `Fecha_modificacion` datetime NOT NULL,
  PRIMARY KEY (`Id_Solicitud`),
  KEY `FK_Solicitud_Empleado_idx` (`Id_Empleado`),
  KEY `FK_Solicitud_EstadoSolicitud_idx` (`Id_Estado_Solicitud`),
  KEY `FK_Solcitud_TipoSolicitud _idx` (`Id_Tipo_Solicitud`),
  CONSTRAINT `FK_Solcitud_TipoSolicitud ` FOREIGN KEY (`Id_Tipo_Solicitud`) REFERENCES `tbl_tipo_solicitud` (`Id_Tipo_Solicitud`),
  CONSTRAINT `FK_Solicitud_Empleado` FOREIGN KEY (`Id_Empleado`) REFERENCES `tbl_empleado` (`Id_Empleado`),
  CONSTRAINT `FK_Solicitud_EstadoSolicitud` FOREIGN KEY (`Id_Estado_Solicitud`) REFERENCES `tbl_estado_de_solicitud` (`Id_Estado_Solicitud`)
) ENGINE=InnoDB AUTO_INCREMENT=14 DEFAULT CHARSET=utf8mb4 COLLATE=utf8mb4_0900_ai_ci;

INSERT INTO tbl_solicitud (Id_Solicitud, Id_Estado_Solicitud, Id_Empleado, Id_Tipo_Solicitud, Fecha_Inicio_Vacaciones, Fecha_Final_Vacaciones, Hora_Inicio_Vacaciones, Hora_Final_Vacaciones, Fecha_Retorno_Vacaciones, Tiempo_Parcial, Fecha_solicitud, Observaciones, Creado_por, Modificado_por, Fecha_creacion, Fecha_modificacion) VALUES
(4, 3, 1, 1, '2024-04-01 00:00:00.000', '2024-04-04 00:00:00.000', '07:00:00', '07:00:00', '2024-03-31 00:00:00.000', 0, '2024-03-31 00:00:00.000', NULL, 'Marilyn Mejia', 'Marilyn Mejia', '2024-03-31 00:00:00.000', '2024-03-31 00:00:00.000'),
(5, 2, 2, 1, '2024-04-07 00:00:00.000', '2024-04-09 00:00:00.000', '06:00:00', '06:00:00', '2024-04-09 00:00:00.000', 0, '2024-03-16 00:00:00.000', 'Listo', 'Marilyn Mejia', 'Marilyn Mejia', '2024-03-16 00:00:00.000', '2024-03-16 00:00:00.000'),
(6, 3, 3, 1, '2024-04-08 00:00:00.000', '2024-04-10 00:00:00.000', '06:00:00', '06:00:00', '2024-04-09 00:00:00.000', 1, '2024-03-16 00:00:00.000', 'Listo', 'Marilyn Mejia', 'Marilyn Mejia', '2024-03-16 00:00:00.000', '2024-03-16 00:00:00.000'),
(7, 3, 1, 1, '2024-04-09 00:00:00.000', '2024-04-11 00:00:00.000', '18:00:00', '19:30:00', '2024-04-10 00:00:00.000', 1, '2024-03-16 00:00:00.000', 'Listo', 'Marilyn Mejia', 'Marilyn Mejia', '2024-03-16 00:00:00.000', '2024-03-16 00:00:00.000'),
(8, 3, 6, 1, '2024-04-22 00:00:00.000', '2024-04-25 00:00:00.000', '08:45:00', '13:15:00', '2024-04-24 00:00:00.000', 1, '2024-03-16 00:00:00.000', 'Listo', 'Marilyn Mejia', 'Marilyn Mejia', '2024-03-16 00:00:00.000', '2024-03-16 00:00:00.000'),
(9, 2, 8, 1, '2024-04-22 00:00:00.000', '2024-04-24 00:00:00.000', '20:45:00', '21:30:00', '2024-04-23 00:00:00.000', 1, '2024-03-16 00:00:00.000', 'Listo', 'Marilyn Mejia', 'Marilyn Mejia', '2024-03-16 00:00:00.000', '2024-03-16 00:00:00.000'),
(10, 1, 8, 1, '2024-04-26 00:00:00.000', '2024-04-30 00:00:00.000', '21:15:00', '22:00:00', '2024-04-29 00:00:00.000', 1, '2024-03-16 00:00:00.000', 'Listo', 'Marilyn Mejia', 'Marilyn Mejia', '2024-03-16 00:00:00.000', '2024-03-16 00:00:00.000'),
(11, 1, 8, 1, '2024-05-01 00:00:00.000', '2024-05-04 00:00:00.000', '21:30:00', '22:00:00', '2024-05-03 00:00:00.000', 1, '2024-03-16 00:00:00.000', 'Listo', 'Marilyn Mejia', 'Marilyn Mejia', '2024-03-16 00:00:00.000', '2024-03-16 00:00:00.000'),
(12, 3, 3, 1, '2024-04-25 00:00:00.000', '2024-04-27 00:00:00.000', '07:00:00', '07:00:00', '2024-04-26 00:00:00.000', 0, '2024-03-16 00:00:00.000', 'Listo', 'Marilyn Mejia', 'Marilyn Mejia', '2024-03-16 00:00:00.000', '2024-03-16 00:00:00.000'),
(13, 3, 3, 1, '2024-04-25 00:00:00.000', '2024-04-26 00:00:00.000', '01:30:00', '04:30:00', '2024-04-25 00:00:00.000', 0, '2024-03-16 00:00:00.000', 'Listo', 'Marilyn Mejia', 'Marilyn Mejia', '2024-03-16 00:00:00.000', '2024-03-16 00:00:00.000');

CREATE TABLE `tbl_telefono_empleado` (
  `Id_empleado` int NOT NULL,
  `Id_tipo_telefono` int NOT NULL,
  `Numero` varchar(15) NOT NULL,
  `Creado_por` varchar(15) NOT NULL,
  `Modificado_por` varchar(15) NOT NULL,
  `Fecha_creacion` datetime NOT NULL,
  `Fecha_modificacion` datetime NOT NULL,
  PRIMARY KEY (`Id_empleado`,`Id_tipo_telefono`),
  KEY `FK_telefonooEmpleado_tipoTelefono_idx` (`Id_tipo_telefono`),
  CONSTRAINT `FK_telefonoEmpleado_Empleado` FOREIGN KEY (`Id_empleado`) REFERENCES `tbl_empleado` (`Id_Empleado`),
  CONSTRAINT `FK_telefonooEmpleado_tipoTelefono` FOREIGN KEY (`Id_tipo_telefono`) REFERENCES `tbl_tipo_telefono` (`Id_tipo_telefono`)
) ENGINE=InnoDB DEFAULT CHARSET=utf8mb4 COLLATE=utf8mb4_0900_ai_ci;

INSERT INTO tbl_telefono_empleado (Id_empleado, Id_tipo_telefono, Numero, Creado_por, Modificado_por, Fecha_creacion, Fecha_modificacion) VALUES
(1, 1, '504 99441084', 'Marilyn Mejia', 'Marilyn Mejia', '2024-07-04 00:00:00.000', '2024-07-04 00:00:00.000'),
(2, 1, '504 87726168', 'Marilyn Mejia', 'Marilyn Mejia', '2024-07-04 00:00:00.000', '2024-07-04 00:00:00.000'),
(4, 1, '99441084', 'D4NP1N3D4198', 'D4NP1N3D4198', '2024-04-15 21:53:55.000', '2024-04-15 21:53:55.000'),
(5, 1, '95930798', 'ROCKETMIND', 'ROCKETMIND', '2024-04-21 13:01:52.000', '2024-04-21 13:01:52.000'),
(6, 1, '95930798', 'ROCKETMIND', 'ROCKETMIND', '2024-04-21 13:36:07.000', '2024-04-21 13:36:07.000'),
(7, 1, '94589445', 'ROCKETMIND', 'ROCKETMIND', '2024-04-21 21:19:41.000', '2024-04-21 21:19:41.000'),
(8, 1, '95930798', 'ROCKETMIND', 'ROCKETMIND', '2024-04-21 21:25:24.000', '2024-05-13 18:57:41.000'),
(9, 1, '99441084', 'ROCKETMIND', 'ROCKETMIND', '2024-05-14 15:53:56.000', '2024-08-09 00:29:20.000');

CREATE TABLE `tbl_tipo_contrato` (
  `Id_Tipo_Contrato` int NOT NULL AUTO_INCREMENT,
  `Nombre_Contrato` varchar(50) DEFAULT NULL,
  `Descripcion` varchar(100) DEFAULT NULL,
  `Creado_Por` varchar(15) NOT NULL,
  `Modificado_por` varchar(15) NOT NULL,
  `Fecha_creacion` datetime NOT NULL,
  `Fecha_modificacion` datetime NOT NULL,
  PRIMARY KEY (`Id_Tipo_Contrato`)
) ENGINE=InnoDB AUTO_INCREMENT=3 DEFAULT CHARSET=utf8mb4 COLLATE=utf8mb4_0900_ai_ci;

INSERT INTO tbl_tipo_contrato (Id_Tipo_Contrato, Nombre_Contrato, Descripcion, Creado_Por, Modificado_por, Fecha_creacion, Fecha_modificacion) VALUES
(1, 'OutSourcing', 'Empleado con pocos privilegios en la empresa', 'Josué Pineda', 'Josué Pineda', '2024-03-31 00:00:00.000', '2024-03-31 00:00:00.000'),
(2, 'Permanente', 'Empleado con privilegios en la empresa', 'Josué Pineda', 'Josué Pineda', '2024-03-31 00:00:00.000', '2024-03-31 00:00:00.000');

CREATE TABLE `tbl_tipo_solicitud` (
  `Id_Tipo_Solicitud` int NOT NULL AUTO_INCREMENT,
  `Nombre_Solicitud` varchar(50) DEFAULT NULL,
  `Descripcion_Solicitud` varchar(300) DEFAULT NULL,
  `Creado_por` varchar(15) NOT NULL,
  `Modificado_por` varchar(15) NOT NULL,
  `Fecha_creacion` datetime NOT NULL,
  `Fecha_modificacion` datetime NOT NULL,
  PRIMARY KEY (`Id_Tipo_Solicitud`)
) ENGINE=InnoDB AUTO_INCREMENT=2 DEFAULT CHARSET=utf8mb4 COLLATE=utf8mb4_0900_ai_ci;

INSERT INTO tbl_tipo_solicitud (Id_Tipo_Solicitud, Nombre_Solicitud, Descripcion_Solicitud, Creado_por, Modificado_por, Fecha_creacion, Fecha_modificacion) VALUES
(1, 'Vacaciones ', 'Vacaciones por semana santa', 'Marilyn Mejia', 'Marilyn Mejia', '2024-03-31 00:00:00.000', '2024-03-31 00:00:00.000');

CREATE TABLE `tbl_tipo_telefono` (
  `Id_tipo_telefono` int NOT NULL AUTO_INCREMENT,
  `Descripcion` varchar(20) NOT NULL,
  PRIMARY KEY (`Id_tipo_telefono`)
) ENGINE=InnoDB AUTO_INCREMENT=8 DEFAULT CHARSET=utf8mb4 COLLATE=utf8mb4_0900_ai_ci;

INSERT INTO tbl_tipo_telefono (Id_tipo_telefono, Descripcion) VALUES
(1, 'Celular'),
(2, 'Telefono de casa');
